user_id,age,gender,device,watch_time_hours,preferred_genre,hour_of_day,day_of_week,clicked,actual_ctr
user_0,56,F,mobile,0.51,sci-fi,20,6,0,0.0298
user_1,28,F,mobile,2.3,drama,21,4,0,0.0592
user_2,55,F,tablet,12.14,action,11,1,0,0.0203
user_3,66,M,smart_tv,1.28,documentary,15,6,0,0.0253
user_4,68,F,smart_tv,10.22,action,2,4,0,0.0277
user_5,56,F,tablet,7.13,romance,17,1,0,0.0177
user_6,37,F,smart_tv,2.87,documentary,7,6,0,0.0314
user_7,67,F,tablet,0.93,romance,21,1,0,0.0291
user_8,35,F,tablet,7.01,romance,3,5,0,0.0341
user_9,31,M,tablet,0.12,sci-fi,15,4,0,0.0311
user_10,43,M,tablet,2.34,sci-fi,8,4,0,0.0354
user_11,24,M,tablet,1.26,drama,18,0,0,0.0225
user_12,22,F,smart_tv,2.63,documentary,6,0,0,0.0279
user_13,65,M,smart_tv,2.76,sci-fi,2,3,0,0.0281
user_14,18,M,mobile,8.91,drama,0,4,0,0.0228
user_15,56,M,mobile,3.1,comedy,9,3,0,0.0168
user_16,56,M,tablet,2.07,documentary,4,6,0,0.0213
user_17,46,F,mobile,0.2,drama,18,5,0,0.027
user_18,23,F,tablet,0.62,documentary,10,1,0,0.0155
user_19,50,M,mobile,2.61,action,19,4,1,0.0375
user_20,25,M,mobile,1.66,action,18,1,0,0.0357
user_21,49,F,tablet,3.04,action,16,1,0,0.0255
user_22,19,M,mobile,0.4,action,16,1,0,0.0264
user_23,54,F,mobile,2.52,romance,1,4,0,0.0219
user_24,49,M,tablet,0.21,drama,16,6,0,0.0236
user_25,51,F,desktop,1.92,action,8,3,0,0.0201
user_26,20,F,tablet,2.83,drama,2,6,0,0.0167
user_27,69,M,mobile,1.27,comedy,7,0,0,0.0243
user_28,67,M,smart_tv,5.25,drama,6,3,0,0.0209
user_29,69,F,mobile,0.69,romance,11,4,0,0.0273
user_30,26,M,smart_tv,3.01,drama,19,5,0,0.0638
user_31,28,M,tablet,3.85,documentary,2,5,0,0.0379
user_32,35,F,desktop,1.99,romance,2,4,0,0.025
user_33,50,F,mobile,0.49,drama,16,0,0,0.0226
user_34,39,M,desktop,0.7,romance,5,4,0,0.0298
user_35,44,F,mobile,1.75,documentary,14,0,0,0.027
user_36,36,F,smart_tv,3.66,action,11,3,0,0.046
user_37,23,M,tablet,0.04,sci-fi,16,5,0,0.0307
user_38,50,F,smart_tv,0.91,action,2,1,0,0.0269
user_39,20,F,desktop,0.26,romance,22,1,0,0.0239
user_40,43,M,tablet,2.99,drama,21,6,0,0.0368
user_41,52,F,mobile,2.36,documentary,6,0,0,0.0237
user_42,25,F,desktop,3.97,documentary,18,6,0,0.0215
user_43,49,M,smart_tv,0.09,action,21,1,0,0.0443
user_44,59,F,smart_tv,1.12,documentary,4,0,0,0.0311
user_45,61,M,smart_tv,0.22,sci-fi,19,5,0,0.0373
user_46,69,F,mobile,8.73,comedy,18,0,0,0.0207
user_47,43,M,desktop,8.22,action,11,4,0,0.022
user_48,64,F,tablet,1.99,action,7,4,0,0.0174
user_49,56,F,smart_tv,1.43,sci-fi,22,2,0,0.0309
user_50,54,F,mobile,1.05,documentary,4,6,0,0.0159
user_51,69,M,tablet,0.04,comedy,15,4,0,0.0197
user_52,47,M,smart_tv,0.12,romance,4,3,0,0.0189
user_53,36,F,tablet,4.85,sci-fi,12,3,0,0.0385
user_54,19,M,tablet,2.2,drama,19,3,0,0.0261
user_55,50,M,smart_tv,4.3,documentary,2,0,0,0.0332
user_56,61,M,mobile,0.6,romance,1,4,0,0.0166
user_57,34,F,tablet,1.22,comedy,1,2,0,0.0261
user_58,67,M,smart_tv,5.25,documentary,20,4,0,0.0316
user_59,26,F,tablet,2.14,drama,15,3,0,0.0277
user_60,41,M,desktop,2.06,documentary,16,6,0,0.0345
user_61,58,F,mobile,1.91,documentary,15,0,0,0.0196
user_62,66,F,tablet,7.96,drama,11,0,0,0.0178
user_63,69,M,desktop,2.5,sci-fi,4,2,0,0.0212
user_64,38,F,mobile,3.92,action,6,4,0,0.0498
user_65,31,M,desktop,1.46,sci-fi,10,2,0,0.0277
user_66,27,F,tablet,5.04,romance,6,5,0,0.0336
user_67,67,M,desktop,0.4,sci-fi,4,5,0,0.0258
user_68,18,F,tablet,0.68,action,12,3,0,0.0218
user_69,36,M,tablet,2.04,drama,9,1,0,0.0269
user_70,62,M,desktop,1.58,comedy,19,3,0,0.0325
user_71,56,M,smart_tv,2.19,romance,16,0,0,0.0318
user_72,23,F,tablet,9.53,sci-fi,14,4,0,0.0174
user_73,54,F,smart_tv,2.97,action,17,6,0,0.028
user_74,48,M,mobile,2.98,drama,15,6,0,0.016
user_75,49,F,tablet,1.25,documentary,20,1,0,0.0228
user_76,67,F,tablet,1.12,documentary,21,6,0,0.0286
user_77,37,M,tablet,0.79,sci-fi,13,2,0,0.043
user_78,22,M,mobile,1.35,romance,17,2,0,0.016
user_79,50,F,mobile,1.64,action,10,4,0,0.0253
user_80,44,M,mobile,0.16,action,2,6,0,0.0285
user_81,23,F,mobile,1.91,sci-fi,5,2,0,0.0273
user_82,54,F,desktop,1.19,sci-fi,13,0,0,0.0155
user_83,30,F,desktop,5.26,comedy,7,6,0,0.0331
user_84,20,M,desktop,4.78,romance,11,4,0,0.0151
user_85,34,F,smart_tv,0.07,sci-fi,20,5,0,0.0735
user_86,55,F,tablet,9.84,comedy,1,1,0,0.0187
user_87,51,F,mobile,1.8,documentary,22,1,0,0.0375
user_88,21,F,tablet,4.61,action,19,4,0,0.0433
user_89,30,F,smart_tv,2.17,drama,18,6,0,0.0303
user_90,48,M,desktop,2.99,documentary,7,3,0,0.0181
user_91,20,M,mobile,9.04,sci-fi,18,2,0,0.0315
user_92,59,M,desktop,0.23,action,4,0,0,0.0183
user_93,66,F,desktop,2.93,action,14,0,0,0.0223
user_94,60,M,tablet,0.16,comedy,3,0,0,0.015
user_95,69,M,smart_tv,1.16,romance,13,1,0,0.0301
user_96,19,M,desktop,0.09,drama,6,2,0,0.0247
user_97,64,F,mobile,5.05,romance,2,2,0,0.0186
user_98,54,F,desktop,2.08,action,6,5,0,0.0179
user_99,34,M,tablet,1.61,comedy,2,0,0,0.03
user_100,64,F,desktop,2.04,action,11,2,0,0.0185
user_101,69,F,tablet,2.11,drama,12,5,0,0.0213
user_102,39,M,desktop,1.14,documentary,10,5,0,0.0261
user_103,26,M,smart_tv,1.86,sci-fi,3,6,0,0.0579
user_104,28,F,smart_tv,4.25,action,23,5,0,0.0515
user_105,32,M,tablet,1.62,sci-fi,11,4,0,0.0292
user_106,36,F,mobile,3.33,documentary,14,0,0,0.0352
user_107,54,F,smart_tv,6.72,sci-fi,10,2,0,0.019
user_108,27,M,smart_tv,1.99,comedy,12,1,0,0.0294
user_109,26,M,mobile,2.26,romance,22,2,0,0.042
user_110,61,F,desktop,6.76,drama,8,1,0,0.0162
user_111,57,F,desktop,0.12,sci-fi,7,2,0,0.0235
user_112,47,M,mobile,0.52,drama,13,1,0,0.0274
user_113,59,M,desktop,4.24,romance,18,4,0,0.0176
user_114,32,M,mobile,1.1,comedy,13,4,0,0.041
user_115,68,F,desktop,1.01,drama,7,1,0,0.0157
user_116,46,M,tablet,3.38,drama,3,4,0,0.0158
user_117,54,M,smart_tv,0.39,documentary,21,1,0,0.0421
user_118,50,F,desktop,1.92,documentary,12,3,0,0.0188
user_119,22,M,smart_tv,1.31,sci-fi,1,2,0,0.0338
user_120,53,F,smart_tv,2.28,documentary,10,5,0,0.0324
user_121,25,M,smart_tv,0.85,drama,11,1,0,0.041
user_122,42,M,smart_tv,3.24,drama,11,3,0,0.0405
user_123,54,F,smart_tv,0.41,documentary,8,5,0,0.0194
user_124,58,F,smart_tv,1.5,romance,4,4,0,0.0208
user_125,40,M,mobile,5.1,drama,7,6,0,0.031
user_126,26,F,tablet,3.88,comedy,8,2,0,0.0282
user_127,28,F,desktop,1.57,drama,1,2,0,0.0291
user_128,61,M,smart_tv,0.71,action,6,3,0,0.0247
user_129,66,M,smart_tv,0.81,comedy,17,4,0,0.0262
user_130,58,M,tablet,1.34,documentary,7,0,0,0.0176
user_131,47,M,smart_tv,0.59,drama,16,4,0,0.0241
user_132,36,F,mobile,3.74,comedy,1,5,0,0.0318
user_133,55,M,smart_tv,0.27,sci-fi,22,6,0,0.0419
user_134,36,F,desktop,1.31,documentary,17,6,1,0.0329
user_135,20,F,smart_tv,2.79,sci-fi,7,5,0,0.0282
user_136,68,M,tablet,0.68,comedy,2,5,0,0.0212
user_137,33,F,tablet,2.76,sci-fi,13,6,0,0.0322
user_138,27,M,mobile,0.58,drama,15,4,0,0.0405
user_139,35,F,mobile,4.25,documentary,10,1,0,0.0394
user_140,29,F,mobile,1.06,romance,8,1,0,0.0401
user_141,39,F,tablet,0.3,romance,23,2,0,0.0371
user_142,34,F,smart_tv,1.8,action,7,1,0,0.0505
user_143,39,M,desktop,10.4,comedy,12,1,1,0.0259
user_144,35,F,mobile,4.22,action,5,1,0,0.0409
user_145,29,M,mobile,0.03,sci-fi,5,2,0,0.0419
user_146,24,F,mobile,4.55,sci-fi,13,1,0,0.0211
user_147,68,M,tablet,3.68,sci-fi,20,2,0,0.0245
user_148,66,M,smart_tv,2.36,romance,1,6,0,0.0286
user_149,22,F,mobile,0.79,documentary,18,2,0,0.0265
user_150,62,M,desktop,2.44,comedy,20,0,0,0.0209
user_151,42,M,smart_tv,2.28,action,6,2,0,0.0465
user_152,61,M,desktop,0.01,documentary,18,4,0,0.0151
user_153,34,F,mobile,1.48,documentary,15,2,0,0.0376
user_154,40,M,desktop,2.53,action,17,0,0,0.0326
user_155,58,M,desktop,0.1,comedy,15,6,0,0.026
user_156,39,F,smart_tv,0.09,sci-fi,6,0,0,0.0382
user_157,40,M,desktop,3.42,documentary,6,2,0,0.0267
user_158,34,F,smart_tv,1.13,documentary,12,1,0,0.048
user_159,43,M,smart_tv,0.17,action,3,4,0,0.0428
user_160,50,F,mobile,2.39,romance,1,6,0,0.0215
user_161,30,M,desktop,6.99,drama,6,5,0,0.0273
user_162,46,F,mobile,1.63,documentary,14,0,0,0.0255
user_163,56,F,mobile,3.29,action,2,4,0,0.0201
user_164,21,F,desktop,2.22,action,20,5,0,0.0244
user_165,41,F,tablet,7.83,sci-fi,4,2,0,0.0316
user_166,63,F,smart_tv,5.85,comedy,6,3,0,0.0192
user_167,46,M,desktop,2.34,sci-fi,13,1,0,0.0146
user_168,58,M,desktop,3.78,romance,4,4,0,0.0216
user_169,26,M,tablet,13.2,sci-fi,9,2,0,0.0416
user_170,41,M,tablet,1.56,sci-fi,23,4,0,0.0307
user_171,31,M,desktop,1.53,drama,8,2,0,0.0382
user_172,26,M,tablet,6.71,drama,1,3,0,0.0277
user_173,22,F,desktop,1.9,sci-fi,15,4,0,0.0297
user_174,67,F,mobile,1.64,sci-fi,18,1,0,0.0229
user_175,57,M,mobile,0.78,romance,23,2,0,0.0269
user_176,65,M,mobile,4.54,action,20,1,0,0.0235
user_177,24,M,smart_tv,8.13,action,18,6,0,0.0373
user_178,60,M,desktop,5.98,comedy,3,1,0,0.024
user_179,56,F,tablet,0.22,drama,16,0,0,0.0216
user_180,41,M,smart_tv,0.34,drama,6,1,0,0.0374
user_181,45,F,smart_tv,6.72,sci-fi,21,3,0,0.0439
user_182,21,M,tablet,3.08,romance,16,1,0,0.0197
user_183,35,F,desktop,9.08,sci-fi,11,3,0,0.0392
user_184,29,M,mobile,0.06,romance,14,6,0,0.0393
user_185,40,F,desktop,0.8,sci-fi,3,0,0,0.0228
user_186,32,M,mobile,2.96,documentary,1,6,0,0.0366
user_187,44,M,mobile,8.26,documentary,20,6,0,0.044
user_188,23,M,mobile,1.46,drama,0,1,0,0.0272
user_189,52,F,mobile,2.64,documentary,17,6,0,0.0216
user_190,63,M,mobile,0.24,drama,13,1,0,0.0254
user_191,61,M,tablet,6.34,drama,19,5,1,0.0274
user_192,24,M,desktop,2.89,documentary,8,5,0,0.0167
user_193,39,F,mobile,0.78,drama,12,0,0,0.0233
user_194,35,F,smart_tv,2.29,drama,12,0,0,0.0474
user_195,25,M,desktop,3.46,action,16,3,0,0.0465
user_196,33,F,desktop,0.59,action,9,1,0,0.0323
user_197,50,M,mobile,0.22,sci-fi,19,1,0,0.0289
user_198,56,F,desktop,2.95,comedy,9,6,0,0.022
user_199,20,M,desktop,2.26,action,6,6,0,0.0246
user_200,25,F,desktop,2.45,documentary,14,2,0,0.0297
user_201,33,F,desktop,4.25,comedy,2,6,0,0.0305
user_202,28,F,desktop,2.25,documentary,12,0,0,0.0367
user_203,63,F,mobile,0.5,sci-fi,22,2,1,0.0245
user_204,36,F,mobile,14.02,action,2,3,0,0.0325
user_205,46,F,smart_tv,0.57,documentary,16,5,0,0.0332
user_206,41,F,mobile,1.06,documentary,19,3,0,0.0335
user_207,49,M,tablet,0.07,comedy,3,1,0,0.0212
user_208,56,F,smart_tv,2.24,romance,11,2,0,0.0279
user_209,32,M,smart_tv,3.74,documentary,15,5,0,0.0315
user_210,31,F,smart_tv,1.33,romance,12,0,0,0.0331
user_211,64,F,tablet,2.17,documentary,1,6,0,0.016
user_212,45,F,smart_tv,2.67,action,7,3,0,0.0304
user_213,64,M,smart_tv,5.38,romance,13,1,0,0.0252
user_214,58,M,mobile,0.71,drama,11,0,0,0.0187
user_215,45,M,smart_tv,3.33,sci-fi,11,4,0,0.0456
user_216,45,M,smart_tv,2.04,drama,19,1,0,0.0705
user_217,54,F,desktop,0.1,drama,5,4,0,0.0252
user_218,66,M,desktop,2.91,documentary,20,1,1,0.0358
user_219,51,M,desktop,9.04,drama,17,6,0,0.022
user_220,62,F,tablet,7.03,documentary,22,1,0,0.0228
user_221,46,F,desktop,5.07,romance,14,1,0,0.0219
user_222,60,F,desktop,1.72,action,7,6,0,0.0208
user_223,25,M,desktop,6.27,action,18,6,0,0.0394
user_224,22,M,desktop,1.07,comedy,17,5,0,0.0178
user_225,42,F,mobile,3.81,sci-fi,8,2,0,0.0405
user_226,63,F,desktop,1.44,comedy,17,4,0,0.0236
user_227,28,M,tablet,0.88,action,20,6,0,0.0543
user_228,32,M,smart_tv,1.23,action,0,0,0,0.0481
user_229,55,F,smart_tv,2.31,romance,13,1,0,0.03
user_230,38,F,tablet,1.83,romance,20,4,0,0.038
user_231,51,F,mobile,0.71,documentary,14,2,0,0.0255
user_232,67,F,smart_tv,1.84,sci-fi,22,2,0,0.0256
user_233,32,M,tablet,6.54,documentary,20,4,0,0.0383
user_234,21,F,mobile,0.84,drama,14,3,0,0.0225
user_235,53,F,desktop,1.28,sci-fi,3,1,0,0.0155
user_236,48,F,desktop,4.02,action,9,4,0,0.0171
user_237,21,F,smart_tv,4.23,documentary,23,4,0,0.0281
user_238,39,F,mobile,5.39,action,8,6,0,0.0422
user_239,59,F,tablet,1.09,comedy,4,3,0,0.0173
user_240,56,F,mobile,0.25,documentary,9,0,0,0.021
user_241,66,M,tablet,4.97,sci-fi,16,5,0,0.0143
user_242,45,M,tablet,2.54,action,13,4,0,0.0317
user_243,19,F,smart_tv,2.27,comedy,2,1,0,0.0249
user_244,66,M,smart_tv,1.04,romance,18,3,0,0.0295
user_245,56,M,desktop,0.77,sci-fi,0,3,0,0.0163
user_246,23,M,smart_tv,0.18,action,1,3,0,0.0368
user_247,38,F,desktop,2.25,drama,21,3,0,0.0376
user_248,23,F,smart_tv,1.19,romance,16,2,0,0.0296
user_249,25,F,tablet,0.23,sci-fi,12,4,0,0.0401
user_250,33,F,desktop,1.37,documentary,16,3,0,0.0387
user_251,47,M,smart_tv,1.27,romance,4,3,0,0.0327
user_252,47,M,tablet,2.44,comedy,7,6,0,0.0244
user_253,29,F,tablet,3.08,romance,3,0,0,0.0251
user_254,58,M,desktop,6.91,action,0,2,0,0.0239
user_255,43,F,desktop,1.81,drama,21,2,0,0.0439
user_256,69,F,tablet,6.67,comedy,5,1,0,0.0215
user_257,59,F,desktop,4.1,documentary,13,0,0,0.0179
user_258,44,F,smart_tv,1.06,documentary,17,1,0,0.0465
user_259,50,F,smart_tv,1.67,romance,15,5,0,0.0311
user_260,52,M,desktop,0.4,sci-fi,1,4,0,0.0143
user_261,21,M,tablet,3.75,documentary,12,6,0,0.0201
user_262,23,F,mobile,0.04,comedy,22,2,0,0.0287
user_263,51,F,mobile,0.15,drama,17,4,0,0.0236
user_264,40,M,mobile,0.38,action,13,2,0,0.0266
user_265,50,F,tablet,14.28,action,4,6,0,0.0166
user_266,53,F,desktop,1.39,sci-fi,19,6,0,0.0272
user_267,24,M,tablet,1.64,sci-fi,21,4,0,0.0237
user_268,44,M,desktop,3.91,sci-fi,9,6,0,0.0235
user_269,18,M,mobile,4.49,sci-fi,20,4,0,0.0436
user_270,53,M,smart_tv,0.77,drama,20,3,0,0.0313
user_271,21,F,tablet,0.7,comedy,7,2,0,0.0185
user_272,55,F,mobile,7.82,action,8,0,0,0.0241
user_273,19,F,tablet,0.73,comedy,17,1,0,0.017
user_274,45,M,smart_tv,2.69,drama,21,0,0,0.0583
user_275,41,M,smart_tv,0.28,documentary,0,6,1,0.0432
user_276,40,M,mobile,0.19,drama,23,0,0,0.042
user_277,48,F,tablet,1.08,drama,6,2,0,0.0162
user_278,22,M,desktop,4.44,comedy,5,6,0,0.015
user_279,48,F,tablet,0.65,action,1,6,0,0.0165
user_280,21,F,mobile,2.58,comedy,22,5,0,0.0381
user_281,53,F,smart_tv,9.78,romance,12,4,0,0.0326
user_282,49,F,desktop,0.34,action,7,1,0,0.0167
user_283,31,F,desktop,2.37,romance,19,5,0,0.0528
user_284,68,F,mobile,2.59,drama,22,6,0,0.0372
user_285,35,M,mobile,0.62,romance,7,5,0,0.0375
user_286,61,F,smart_tv,0.96,romance,10,0,0,0.0328
user_287,35,F,mobile,2.89,documentary,17,6,0,0.0328
user_288,61,M,desktop,1.95,sci-fi,0,2,0,0.0176
user_289,46,F,smart_tv,2.15,action,4,6,0,0.0207
user_290,25,M,tablet,3.24,action,3,2,0,0.0339
user_291,60,M,desktop,3.39,romance,6,2,0,0.0163
user_292,30,M,tablet,1.86,comedy,21,3,0,0.0482
user_293,51,M,mobile,2.84,drama,22,5,0,0.0378
user_294,21,M,mobile,2.58,comedy,23,5,0,0.0232
user_295,38,F,tablet,0.49,comedy,5,5,0,0.0274
user_296,37,M,smart_tv,5.18,sci-fi,13,2,0,0.0346
user_297,69,F,tablet,2.31,comedy,17,2,0,0.0172
user_298,66,M,desktop,0.4,sci-fi,11,5,0,0.0258
user_299,53,F,smart_tv,1.45,documentary,22,0,0,0.035
user_300,69,M,smart_tv,4.04,drama,21,4,0,0.0293
user_301,37,F,smart_tv,0.31,romance,14,5,0,0.0448
user_302,43,F,mobile,0.51,sci-fi,9,1,0,0.0264
user_303,47,F,desktop,0.8,action,12,2,0,0.0253
user_304,63,F,smart_tv,1.18,sci-fi,19,0,0,0.035
user_305,53,F,desktop,0.21,comedy,2,0,1,0.0234
user_306,58,F,desktop,2.36,documentary,19,0,0,0.0357
user_307,61,F,desktop,0.09,drama,22,3,0,0.0328
user_308,33,F,smart_tv,1.49,sci-fi,5,3,0,0.0372
user_309,60,F,desktop,5.92,action,20,3,0,0.0249
user_310,23,M,smart_tv,0.06,drama,19,6,0,0.0447
user_311,43,F,tablet,0.75,action,4,1,0,0.0386
user_312,40,F,mobile,2.08,drama,18,0,0,0.0419
user_313,58,M,desktop,3.18,comedy,6,5,0,0.0207
user_314,51,F,desktop,1.96,romance,16,0,0,0.0214
user_315,51,M,desktop,0.45,comedy,21,0,0,0.0308
user_316,65,M,mobile,3.46,documentary,23,6,0,0.0222
user_317,27,M,tablet,3.95,action,6,4,0,0.0288
user_318,63,F,desktop,0.05,sci-fi,14,5,0,0.0159
user_319,58,F,desktop,3.47,action,1,0,0,0.0151
user_320,61,M,desktop,1.72,romance,6,3,0,0.0194
user_321,60,M,mobile,8.34,documentary,9,3,0,0.0259
user_322,38,F,smart_tv,2.57,romance,7,1,0,0.031
user_323,29,F,smart_tv,2.38,sci-fi,2,2,0,0.0405
user_324,50,F,mobile,0.08,sci-fi,15,2,0,0.0195
user_325,63,F,smart_tv,5.35,documentary,10,5,0,0.0232
user_326,62,M,mobile,2.76,sci-fi,1,3,0,0.0286
user_327,44,M,mobile,0.24,documentary,19,1,0,0.0382
user_328,52,M,tablet,4.88,documentary,5,1,0,0.0153
user_329,28,F,smart_tv,2.64,action,20,1,0,0.0781
user_330,47,F,tablet,3.11,comedy,0,4,0,0.019
user_331,68,M,desktop,3.45,action,22,5,0,0.032
user_332,47,M,smart_tv,2.51,documentary,15,1,0,0.0233
user_333,45,M,smart_tv,0.46,documentary,0,6,0,0.0338
user_334,21,F,mobile,0.61,sci-fi,2,0,0,0.0233
user_335,31,F,tablet,0.66,action,2,3,0,0.0396
user_336,50,F,smart_tv,0.0,drama,1,5,0,0.0254
user_337,25,F,smart_tv,1.33,romance,19,0,0,0.0396
user_338,43,F,smart_tv,0.34,action,18,5,0,0.0486
user_339,26,F,tablet,10.02,romance,8,2,0,0.0323
user_340,36,M,tablet,0.3,romance,20,4,0,0.0311
user_341,26,F,mobile,1.58,action,13,2,0,0.0295
user_342,31,F,mobile,0.12,documentary,7,1,0,0.0363
user_343,58,F,smart_tv,2.46,sci-fi,16,5,0,0.0249
user_344,63,F,mobile,1.84,sci-fi,15,3,0,0.0183
user_345,26,M,mobile,2.77,action,1,0,0,0.0283
user_346,57,F,desktop,1.43,action,18,1,0,0.016
user_347,38,M,desktop,2.24,sci-fi,18,3,0,0.0398
user_348,21,F,tablet,1.67,romance,11,1,0,0.0173
user_349,58,M,tablet,2.51,romance,21,0,0,0.0196
user_350,23,F,smart_tv,0.38,documentary,9,0,0,0.0252
user_351,52,F,desktop,2.36,sci-fi,19,0,1,0.0283
user_352,63,M,desktop,4.48,documentary,0,1,0,0.0196
user_353,59,M,desktop,6.71,action,23,4,0,0.0174
user_354,38,M,smart_tv,1.77,action,6,4,1,0.0517
user_355,28,M,smart_tv,0.8,action,7,3,0,0.0533
user_356,62,F,mobile,0.93,sci-fi,6,3,1,0.0262
user_357,44,F,smart_tv,3.16,action,14,3,0,0.0434
user_358,47,M,smart_tv,2.72,sci-fi,18,6,0,0.0247
user_359,50,F,desktop,0.97,action,6,1,0,0.022
user_360,19,M,smart_tv,2.28,romance,17,2,0,0.0324
user_361,45,M,tablet,2.54,sci-fi,1,4,0,0.0222
user_362,57,F,mobile,2.97,documentary,2,2,0,0.0218
user_363,43,M,mobile,4.13,action,22,0,0,0.0342
user_364,60,F,tablet,2.79,action,20,5,0,0.0329
user_365,51,F,smart_tv,1.5,documentary,14,0,0,0.0249
user_366,65,F,desktop,1.16,romance,3,3,0,0.0223
user_367,45,M,smart_tv,0.38,action,0,6,1,0.0309
user_368,35,F,smart_tv,1.04,drama,10,0,0,0.0297
user_369,25,F,tablet,0.61,documentary,5,0,0,0.0229
user_370,67,M,desktop,0.07,drama,2,2,0,0.0156
user_371,63,F,smart_tv,1.23,comedy,18,1,0,0.0231
user_372,47,F,mobile,4.51,sci-fi,9,3,0,0.0195
user_373,21,F,tablet,1.97,sci-fi,12,2,0,0.0306
user_374,62,F,tablet,3.71,sci-fi,4,0,0,0.0206
user_375,39,M,smart_tv,4.56,drama,9,1,0,0.0334
user_376,66,M,desktop,2.83,sci-fi,11,2,0,0.0207
user_377,45,M,tablet,20.4,sci-fi,14,1,0,0.0298
user_378,34,M,tablet,0.89,romance,23,1,0,0.0293
user_379,25,F,mobile,1.61,documentary,21,2,0,0.036
user_380,51,M,desktop,1.91,documentary,21,4,0,0.0321
user_381,22,M,tablet,0.81,romance,11,5,0,0.0158
user_382,65,F,tablet,3.51,romance,22,1,0,0.0279
user_383,41,M,smart_tv,2.33,action,18,1,0,0.0443
user_384,44,F,tablet,4.39,documentary,6,4,0,0.0296
user_385,25,F,mobile,1.45,action,0,2,0,0.0351
user_386,22,M,smart_tv,2.46,comedy,21,4,0,0.0261
user_387,27,F,tablet,0.89,documentary,1,0,0,0.026
user_388,47,M,smart_tv,15.32,comedy,16,6,0,0.0182
user_389,53,M,mobile,3.37,sci-fi,12,4,0,0.0262
user_390,18,F,smart_tv,2.38,action,1,5,0,0.0271
user_391,48,F,smart_tv,1.07,drama,13,3,0,0.0272
user_392,62,M,smart_tv,1.85,comedy,7,0,0,0.026
user_393,33,F,tablet,0.39,comedy,12,6,0,0.0248
user_394,20,F,smart_tv,6.62,romance,22,2,0,0.026
user_395,56,M,mobile,2.56,sci-fi,12,4,0,0.0182
user_396,42,F,smart_tv,5.49,romance,9,1,0,0.0465
user_397,37,F,desktop,0.69,documentary,13,3,0,0.0265
user_398,47,M,tablet,0.39,comedy,11,6,0,0.0159
user_399,51,M,smart_tv,0.79,action,14,0,0,0.0182
user_400,43,F,tablet,2.25,action,22,1,0,0.0412
user_401,61,M,tablet,0.95,drama,0,2,0,0.0172
user_402,61,F,tablet,5.94,drama,12,2,0,0.0249
user_403,29,M,mobile,0.31,comedy,0,3,0,0.0356
user_404,27,M,smart_tv,0.73,drama,12,4,0,0.0499
user_405,34,F,smart_tv,7.21,action,20,3,0,0.0766
user_406,59,M,mobile,1.73,documentary,8,2,0,0.0214
user_407,31,M,tablet,0.01,action,12,1,0,0.0371
user_408,19,F,mobile,2.68,drama,21,5,0,0.0255
user_409,62,M,desktop,1.26,documentary,17,2,0,0.0178
user_410,38,F,tablet,1.58,action,3,4,0,0.0314
user_411,66,F,desktop,1.81,documentary,14,4,0,0.0223
user_412,55,F,desktop,0.05,documentary,13,1,0,0.0144
user_413,55,M,tablet,2.26,sci-fi,10,0,0,0.0256
user_414,55,M,tablet,1.52,action,7,3,0,0.0257
user_415,59,M,smart_tv,4.11,comedy,4,5,0,0.025
user_416,42,M,smart_tv,1.82,documentary,11,2,0,0.0428
user_417,53,M,smart_tv,0.06,drama,7,0,0,0.0277
user_418,62,F,smart_tv,0.9,drama,8,4,0,0.022
user_419,32,F,smart_tv,2.78,documentary,7,0,0,0.0329
user_420,37,F,smart_tv,8.23,documentary,21,0,0,0.0449
user_421,24,F,mobile,2.43,comedy,12,2,0,0.0173
user_422,57,F,smart_tv,0.45,drama,10,0,0,0.0236
user_423,41,F,tablet,1.93,action,13,1,0,0.0334
user_424,37,F,mobile,1.48,romance,0,1,0,0.0291
user_425,49,M,desktop,2.85,sci-fi,5,5,0,0.0251
user_426,31,F,desktop,1.42,romance,2,5,0,0.0366
user_427,62,M,tablet,4.64,drama,12,1,0,0.0242
user_428,23,M,tablet,2.53,documentary,15,2,0,0.0258
user_429,28,M,mobile,6.3,romance,21,1,0,0.0595
user_430,68,M,smart_tv,1.1,action,10,2,0,0.0263
user_431,25,M,desktop,1.62,documentary,14,5,0,0.0325
user_432,37,F,desktop,3.69,romance,11,0,0,0.036
user_433,45,F,tablet,0.65,drama,20,1,0,0.0375
user_434,25,F,smart_tv,0.73,drama,2,3,0,0.0428
user_435,26,F,tablet,11.53,comedy,18,0,0,0.0218
user_436,66,M,tablet,0.24,romance,2,2,0,0.0254
user_437,31,M,desktop,12.21,sci-fi,19,4,0,0.0461
user_438,67,M,desktop,5.25,documentary,19,6,0,0.0281
user_439,58,M,desktop,7.83,romance,1,4,0,0.0167
user_440,28,F,smart_tv,1.39,documentary,18,2,0,0.0307
user_441,24,F,tablet,1.28,romance,3,6,0,0.0197
user_442,69,M,mobile,0.74,drama,15,6,0,0.0158
user_443,44,F,desktop,7.07,sci-fi,0,2,0,0.0227
user_444,53,F,mobile,3.69,comedy,3,2,0,0.0222
user_445,69,M,mobile,0.1,romance,20,5,0,0.0314
user_446,23,M,mobile,9.04,romance,20,4,0,0.0296
user_447,39,M,tablet,8.52,romance,18,6,0,0.0325
user_448,30,M,desktop,0.9,romance,4,0,0,0.0256
user_449,65,M,smart_tv,4.11,romance,20,5,0,0.0384
user_450,48,F,desktop,0.05,comedy,8,0,0,0.0254
user_451,34,F,tablet,0.88,action,20,4,0,0.0384
user_452,42,M,tablet,8.98,comedy,7,6,0,0.0339
user_453,18,M,smart_tv,0.33,sci-fi,16,1,0,0.0369
user_454,30,F,desktop,2.74,sci-fi,2,0,0,0.0403
user_455,64,M,smart_tv,1.99,action,2,1,0,0.0207
user_456,21,F,mobile,0.06,documentary,2,5,0,0.0247
user_457,21,F,smart_tv,1.74,romance,0,0,0,0.0266
user_458,22,M,tablet,4.96,sci-fi,15,5,0,0.0248
user_459,60,F,mobile,0.43,documentary,11,6,0,0.0196
user_460,54,F,smart_tv,0.94,drama,17,6,1,0.0323
user_461,33,F,tablet,0.52,documentary,20,2,0,0.0342
user_462,23,M,mobile,3.3,romance,4,5,0,0.0187
user_463,67,F,mobile,2.89,sci-fi,1,5,0,0.0203
user_464,30,F,desktop,3.31,romance,22,2,0,0.0492
user_465,37,M,tablet,0.81,comedy,8,0,0,0.0212
user_466,27,M,desktop,8.82,sci-fi,8,4,0,0.0293
user_467,66,M,mobile,1.27,drama,2,1,0,0.0222
user_468,19,F,tablet,2.67,romance,10,6,0,0.0149
user_469,55,F,smart_tv,1.41,documentary,11,2,0,0.0279
user_470,47,M,desktop,3.04,romance,14,2,0,0.0221
user_471,65,F,mobile,1.87,drama,1,4,0,0.0177
user_472,42,F,mobile,7.24,romance,18,4,0,0.0271
user_473,51,F,mobile,0.13,action,16,4,0,0.0231
user_474,53,M,mobile,0.62,action,12,5,0,0.0179
user_475,65,F,mobile,1.72,drama,21,1,0,0.0233
user_476,42,F,smart_tv,0.75,sci-fi,8,2,0,0.0275
user_477,34,M,mobile,2.78,comedy,19,4,0,0.0349
user_478,40,M,tablet,6.06,action,13,4,0,0.0224
user_479,28,M,desktop,3.3,comedy,0,2,0,0.0317
user_480,27,F,desktop,1.21,documentary,12,5,0,0.0282
user_481,44,F,tablet,0.18,comedy,16,0,0,0.0247
user_482,56,M,tablet,1.15,romance,4,0,0,0.0144
user_483,19,M,desktop,0.71,documentary,5,1,0,0.02
user_484,60,M,smart_tv,0.17,comedy,21,2,0,0.0386
user_485,39,F,smart_tv,0.14,romance,23,3,0,0.0322
user_486,20,F,desktop,2.66,action,5,5,0,0.0184
user_487,66,F,tablet,2.73,drama,12,6,0,0.0222
user_488,22,M,tablet,6.46,drama,23,1,0,0.0204
user_489,69,F,mobile,4.4,romance,22,4,0,0.0276
user_490,59,F,smart_tv,0.66,action,20,4,0,0.0341
user_491,52,M,desktop,1.84,sci-fi,9,6,0,0.0241
user_492,20,F,mobile,0.03,action,14,4,0,0.025
user_493,69,M,tablet,0.31,action,22,4,0,0.0317
user_494,35,F,desktop,1.95,romance,16,5,0,0.024
user_495,31,F,desktop,2.52,drama,3,1,0,0.0303
user_496,31,M,smart_tv,0.7,drama,21,6,0,0.0628
user_497,60,M,mobile,1.34,romance,0,2,0,0.0244
user_498,59,M,mobile,1.73,drama,12,5,1,0.023
user_499,64,M,tablet,2.33,sci-fi,6,1,0,0.0201
user_500,43,M,smart_tv,0.57,action,6,4,0,0.0455
user_501,60,M,smart_tv,1.61,sci-fi,20,2,0,0.0405
user_502,42,F,tablet,2.99,action,21,0,0,0.0416
user_503,58,M,desktop,1.79,drama,1,0,0,0.0246
user_504,63,F,mobile,4.07,drama,15,1,0,0.0163
user_505,29,M,mobile,3.4,documentary,19,0,0,0.0596
user_506,30,M,desktop,1.42,sci-fi,9,4,0,0.0348
user_507,31,F,tablet,0.18,romance,3,2,0,0.0277
user_508,48,M,tablet,0.02,drama,1,5,0,0.0241
user_509,48,F,desktop,3.7,action,3,0,0,0.021
user_510,62,F,smart_tv,2.83,documentary,16,2,0,0.0287
user_511,46,M,smart_tv,2.72,documentary,5,4,0,0.0207
user_512,48,M,mobile,2.65,documentary,9,4,0,0.0225
user_513,29,F,mobile,3.15,romance,15,2,0,0.0268
user_514,19,F,desktop,5.96,documentary,10,6,0,0.0207
user_515,67,F,smart_tv,4.31,comedy,16,5,0,0.029
user_516,55,M,desktop,0.64,romance,12,3,0,0.0196
user_517,44,F,smart_tv,0.77,sci-fi,14,6,0,0.0455
user_518,23,F,tablet,3.71,documentary,11,0,0,0.0192
user_519,39,F,mobile,5.28,drama,14,4,0,0.0356
user_520,65,F,mobile,5.7,drama,23,6,0,0.0273
user_521,55,F,desktop,3.45,action,21,4,0,0.0207
user_522,37,F,smart_tv,6.78,drama,9,2,0,0.0506
user_523,32,F,mobile,0.96,drama,19,2,0,0.0423
user_524,28,F,smart_tv,0.21,sci-fi,2,5,0,0.0332
user_525,67,M,tablet,0.92,drama,2,2,0,0.0215
user_526,27,M,mobile,0.18,sci-fi,18,2,0,0.0438
user_527,42,F,tablet,2.27,drama,13,1,0,0.0272
user_528,22,M,mobile,9.92,documentary,21,0,0,0.0301
user_529,31,M,tablet,1.52,comedy,22,5,0,0.0388
user_530,38,F,mobile,0.14,drama,8,5,0,0.0286
user_531,24,F,mobile,0.49,documentary,21,5,0,0.0323
user_532,63,F,desktop,0.05,action,22,2,0,0.0314
user_533,37,F,desktop,1.92,comedy,12,4,0,0.0315
user_534,19,F,desktop,2.19,documentary,7,2,0,0.0146
user_535,57,F,desktop,6.18,documentary,19,6,0,0.0344
user_536,24,F,mobile,9.34,drama,20,6,0,0.0269
user_537,52,M,tablet,0.61,action,14,6,0,0.0257
user_538,48,M,desktop,0.34,documentary,6,4,0,0.0257
user_539,59,F,mobile,0.22,drama,1,1,0,0.0209
user_540,37,F,desktop,7.13,documentary,14,4,0,0.0305
user_541,57,F,tablet,0.02,drama,13,4,0,0.0168
user_542,56,F,mobile,1.09,sci-fi,3,4,0,0.0176
user_543,35,F,desktop,5.0,romance,1,6,0,0.0264
user_544,49,F,mobile,1.63,comedy,7,5,1,0.0195
user_545,40,M,mobile,1.54,comedy,22,1,0,0.0402
user_546,39,M,mobile,2.13,drama,11,0,0,0.0402
user_547,56,M,mobile,3.62,documentary,20,1,0,0.0303
user_548,29,F,desktop,4.55,action,2,1,0,0.0279
user_549,42,F,desktop,5.84,sci-fi,16,0,0,0.0242
user_550,43,F,smart_tv,1.29,documentary,6,0,0,0.0447
user_551,55,F,tablet,0.45,drama,2,4,0,0.0189
user_552,49,M,desktop,8.76,romance,5,5,0,0.017
user_553,29,M,smart_tv,4.66,sci-fi,19,0,0,0.0469
user_554,38,F,tablet,0.72,romance,3,4,0,0.0322
user_555,66,F,tablet,3.47,romance,3,0,0,0.0207
user_556,41,F,tablet,6.34,sci-fi,22,5,0,0.0448
user_557,64,M,mobile,1.58,action,15,6,0,0.0218
user_558,34,F,smart_tv,6.84,comedy,13,5,0,0.0384
user_559,47,M,tablet,1.04,drama,19,6,0,0.0349
user_560,48,M,smart_tv,2.46,romance,0,0,0,0.025
user_561,18,F,smart_tv,3.5,action,14,3,0,0.0354
user_562,25,F,smart_tv,0.48,action,10,1,0,0.0438
user_563,60,M,mobile,0.59,comedy,20,4,0,0.037
user_564,39,F,desktop,0.05,drama,21,0,0,0.0365
user_565,41,M,mobile,8.14,drama,6,3,0,0.0349
user_566,55,F,desktop,2.42,sci-fi,18,3,0,0.0229
user_567,60,F,desktop,1.52,comedy,16,0,0,0.0182
user_568,36,F,tablet,1.04,drama,0,1,0,0.0272
user_569,29,F,tablet,1.17,documentary,5,3,0,0.024
user_570,29,M,tablet,1.04,sci-fi,1,2,0,0.0305
user_571,59,M,desktop,2.61,comedy,18,2,0,0.0175
user_572,44,F,mobile,0.02,documentary,8,4,0,0.028
user_573,40,M,desktop,5.65,documentary,22,6,0,0.0321
user_574,19,F,smart_tv,1.05,action,19,0,0,0.0521
user_575,50,F,desktop,2.87,comedy,13,3,0,0.0228
user_576,41,M,desktop,1.98,action,10,3,0,0.0342
user_577,35,M,tablet,5.16,drama,7,1,0,0.0311
user_578,25,M,smart_tv,4.04,sci-fi,12,4,0,0.0458
user_579,62,F,mobile,0.64,drama,15,1,0,0.0252
user_580,47,M,tablet,0.63,comedy,12,2,0,0.023
user_581,45,F,desktop,0.75,comedy,20,6,0,0.033
user_582,42,F,mobile,1.53,sci-fi,14,0,0,0.0281
user_583,59,M,smart_tv,4.3,romance,2,4,0,0.0306
user_584,34,M,desktop,0.59,action,5,0,0,0.0329
user_585,52,F,desktop,1.2,sci-fi,14,5,0,0.0231
user_586,48,M,tablet,6.74,romance,4,5,0,0.0149
user_587,51,F,smart_tv,1.61,documentary,5,5,0,0.0284
user_588,21,M,mobile,3.14,sci-fi,6,3,0,0.0203
user_589,60,M,tablet,2.95,drama,18,3,0,0.0206
user_590,65,F,tablet,0.96,sci-fi,16,6,0,0.0171
user_591,49,F,mobile,1.9,romance,4,6,0,0.0206
user_592,33,F,tablet,0.11,sci-fi,12,1,0,0.0372
user_593,41,M,smart_tv,0.76,sci-fi,1,6,0,0.0492
user_594,59,M,mobile,0.84,romance,9,5,0,0.0224
user_595,46,M,tablet,1.47,romance,12,6,0,0.024
user_596,63,F,tablet,3.65,romance,9,1,0,0.017
user_597,26,M,desktop,2.13,drama,2,1,0,0.0211
user_598,21,M,tablet,0.67,drama,4,5,0,0.0238
user_599,18,F,desktop,3.82,drama,12,2,0,0.0234
user_600,29,M,desktop,2.91,action,8,0,0,0.0291
user_601,64,M,smart_tv,1.72,romance,1,4,0,0.027
user_602,27,F,desktop,0.22,comedy,22,6,0,0.0298
user_603,69,F,desktop,0.2,drama,10,4,0,0.024
user_604,34,F,desktop,5.07,documentary,9,1,0,0.0219
user_605,66,M,desktop,4.88,drama,15,5,0,0.0234
user_606,64,F,desktop,2.22,sci-fi,3,6,0,0.0141
user_607,44,M,smart_tv,0.79,romance,7,3,0,0.0373
user_608,34,M,mobile,0.96,documentary,20,4,0,0.0348
user_609,46,M,tablet,0.85,romance,9,6,0,0.0146
user_610,54,M,smart_tv,1.66,romance,19,2,0,0.0302
user_611,54,M,smart_tv,0.42,documentary,5,6,0,0.0238
user_612,33,F,mobile,4.39,romance,12,2,0,0.0369
user_613,46,F,desktop,1.03,documentary,8,6,0,0.0153
user_614,69,M,smart_tv,4.37,action,3,1,0,0.0244
user_615,28,M,desktop,2.78,sci-fi,11,1,0,0.0258
user_616,48,M,tablet,9.46,romance,2,0,0,0.0201
user_617,48,M,tablet,2.41,documentary,9,1,0,0.0214
user_618,49,F,tablet,0.56,sci-fi,10,0,0,0.0156
user_619,24,F,smart_tv,4.26,action,0,2,0,0.0404
user_620,45,M,desktop,3.92,comedy,23,3,0,0.0229
user_621,57,F,smart_tv,8.3,drama,11,2,0,0.0288
user_622,19,M,tablet,0.01,romance,19,5,1,0.022
user_623,27,F,desktop,0.66,sci-fi,23,0,0,0.0393
user_624,33,M,desktop,0.33,comedy,10,2,0,0.0342
user_625,43,M,desktop,1.32,action,11,1,0,0.0212
user_626,51,F,tablet,1.65,comedy,0,2,0,0.0206
user_627,44,F,smart_tv,4.09,comedy,14,3,0,0.0412
user_628,56,F,mobile,0.18,romance,4,1,0,0.0171
user_629,29,F,tablet,4.77,sci-fi,3,5,0,0.0366
user_630,53,F,mobile,0.92,sci-fi,3,3,0,0.0279
user_631,49,M,smart_tv,0.21,sci-fi,3,4,0,0.0281
user_632,48,F,desktop,2.88,action,12,6,0,0.0207
user_633,49,M,tablet,6.45,romance,14,3,0,0.0218
user_634,69,M,tablet,0.85,romance,14,2,0,0.014
user_635,34,F,smart_tv,0.4,romance,22,4,0,0.0696
user_636,26,M,desktop,4.18,romance,1,4,0,0.0388
user_637,25,M,mobile,0.95,drama,6,6,0,0.0424
user_638,43,F,smart_tv,5.55,drama,0,6,0,0.035
user_639,34,F,mobile,4.91,sci-fi,15,2,0,0.0364
user_640,22,M,tablet,2.96,sci-fi,19,0,0,0.0397
user_641,36,F,smart_tv,2.41,sci-fi,12,3,0,0.0543
user_642,64,M,mobile,4.74,drama,7,3,0,0.0227
user_643,68,F,smart_tv,2.2,documentary,8,3,0,0.0284
user_644,68,F,smart_tv,1.97,romance,10,1,0,0.0228
user_645,51,M,smart_tv,2.92,romance,19,5,0,0.0397
user_646,52,F,tablet,2.19,romance,14,6,0,0.0217
user_647,42,F,desktop,3.68,documentary,10,2,1,0.0374
user_648,41,F,mobile,9.24,sci-fi,21,5,0,0.0415
user_649,28,F,mobile,2.82,comedy,10,3,0,0.0416
user_650,40,F,tablet,2.17,action,21,4,0,0.038
user_651,31,M,desktop,1.73,drama,15,5,0,0.0274
user_652,32,F,tablet,10.64,romance,9,2,0,0.0329
user_653,69,F,desktop,1.52,action,9,6,0,0.0218
user_654,58,F,desktop,0.76,sci-fi,17,5,0,0.0244
user_655,61,M,tablet,0.44,action,3,2,0,0.0224
user_656,24,F,desktop,5.14,drama,7,4,0,0.0171
user_657,69,M,smart_tv,2.09,romance,17,3,0,0.0228
user_658,64,M,smart_tv,1.16,sci-fi,16,6,0,0.0329
user_659,56,M,tablet,0.56,romance,10,1,0,0.0216
user_660,35,F,mobile,0.54,sci-fi,0,6,0,0.0485
user_661,62,F,desktop,2.31,romance,18,4,0,0.0191
user_662,47,M,desktop,1.64,sci-fi,11,5,0,0.0214
user_663,38,F,smart_tv,0.64,drama,20,6,1,0.0582
user_664,61,F,desktop,2.29,drama,17,3,0,0.023
user_665,61,M,smart_tv,4.29,documentary,17,3,0,0.0237
user_666,39,F,tablet,6.85,comedy,22,0,0,0.0298
user_667,48,F,smart_tv,2.32,documentary,18,6,1,0.0257
user_668,39,F,mobile,2.32,comedy,20,2,0,0.0386
user_669,32,M,mobile,0.03,drama,18,1,0,0.0271
user_670,23,F,smart_tv,4.82,sci-fi,18,2,0,0.029
user_671,37,M,tablet,0.02,drama,12,6,0,0.0304
user_672,26,F,desktop,8.03,action,6,6,0,0.042
user_673,39,F,mobile,2.59,action,9,2,0,0.0417
user_674,66,M,desktop,0.47,action,13,5,0,0.017
user_675,60,F,smart_tv,3.26,action,17,5,0,0.0242
user_676,35,M,tablet,0.47,documentary,18,2,0,0.0348
user_677,49,F,tablet,1.02,romance,1,2,0,0.0256
user_678,41,F,smart_tv,1.25,sci-fi,4,0,0,0.0285
user_679,35,F,desktop,1.98,comedy,14,6,0,0.0351
user_680,64,M,smart_tv,3.81,drama,6,4,0,0.0289
user_681,62,F,tablet,1.27,drama,10,6,1,0.0213
user_682,36,F,tablet,3.28,documentary,0,2,0,0.0304
user_683,66,M,desktop,5.52,drama,7,5,0,0.0188
user_684,39,F,tablet,2.81,documentary,12,5,0,0.0212
user_685,39,M,desktop,5.94,action,8,0,0,0.0329
user_686,40,M,smart_tv,1.35,romance,12,2,0,0.0355
user_687,38,M,smart_tv,2.02,sci-fi,11,1,0,0.0347
user_688,68,F,smart_tv,3.79,documentary,5,2,0,0.029
user_689,48,M,desktop,1.8,sci-fi,12,0,0,0.0156
user_690,45,M,tablet,1.8,action,17,0,0,0.0299
user_691,55,F,mobile,0.96,comedy,7,2,0,0.0177
user_692,41,M,desktop,3.13,documentary,23,4,0,0.0256
user_693,42,M,mobile,4.95,drama,1,0,0,0.0294
user_694,40,M,mobile,3.46,drama,8,0,0,0.0296
user_695,33,F,tablet,0.71,comedy,12,5,0,0.0316
user_696,58,F,smart_tv,0.23,comedy,9,5,0,0.0294
user_697,41,F,mobile,4.18,documentary,7,0,0,0.0292
user_698,34,F,smart_tv,0.42,documentary,4,6,0,0.0428
user_699,64,F,mobile,6.71,comedy,12,1,0,0.0182
user_700,20,F,smart_tv,0.66,action,20,2,0,0.0364
user_701,30,F,tablet,1.35,sci-fi,9,3,0,0.0416
user_702,19,F,tablet,6.71,sci-fi,22,4,0,0.0296
user_703,48,M,smart_tv,8.43,documentary,22,0,0,0.0295
user_704,56,F,desktop,3.24,drama,2,1,0,0.0165
user_705,22,M,desktop,1.3,drama,14,5,0,0.0234
user_706,21,M,mobile,0.98,drama,22,5,0,0.0249
user_707,24,F,smart_tv,3.88,romance,7,2,0,0.0221
user_708,69,M,desktop,1.97,sci-fi,12,6,0,0.0243
user_709,42,F,tablet,0.26,romance,22,0,0,0.0463
user_710,68,F,desktop,0.16,drama,5,4,0,0.0156
user_711,38,F,tablet,0.67,drama,7,2,0,0.038
user_712,24,M,mobile,3.05,romance,3,2,0,0.0269
user_713,57,M,smart_tv,8.01,romance,6,3,0,0.0212
user_714,59,M,mobile,0.52,documentary,4,0,0,0.0195
user_715,65,M,tablet,4.42,documentary,14,5,0,0.0188
user_716,65,M,mobile,1.13,action,23,3,0,0.0169
user_717,31,F,smart_tv,0.18,drama,14,1,0,0.0421
user_718,20,F,smart_tv,4.98,comedy,23,4,1,0.0204
user_719,66,M,mobile,0.14,documentary,13,0,0,0.0177
user_720,24,M,smart_tv,1.76,sci-fi,5,5,0,0.0402
user_721,34,M,desktop,5.08,romance,19,4,0,0.0397
user_722,54,F,desktop,2.62,action,10,0,0,0.0173
user_723,21,M,smart_tv,0.97,romance,16,6,0,0.0314
user_724,33,M,mobile,2.11,action,4,1,1,0.0329
user_725,53,F,tablet,0.83,comedy,22,4,0,0.0216
user_726,35,M,mobile,0.66,action,23,3,0,0.0399
user_727,60,M,tablet,3.1,comedy,8,6,0,0.0144
user_728,33,F,smart_tv,3.47,action,12,1,0,0.0455
user_729,60,M,mobile,1.78,comedy,22,5,0,0.0217
user_730,21,M,smart_tv,1.65,comedy,6,5,0,0.0221
user_731,63,M,tablet,4.97,sci-fi,20,1,1,0.0254
user_732,29,F,smart_tv,0.32,romance,19,2,0,0.0382
user_733,66,M,tablet,1.93,drama,21,6,0,0.0206
user_734,47,M,desktop,9.49,romance,18,0,0,0.0204
user_735,47,F,desktop,0.88,action,5,5,0,0.0221
user_736,39,M,tablet,0.83,action,11,1,0,0.0448
user_737,69,M,mobile,0.32,action,18,0,0,0.0187
user_738,61,M,mobile,1.65,comedy,15,3,0,0.0256
user_739,60,M,mobile,4.06,documentary,20,6,0,0.0309
user_740,62,F,desktop,1.97,drama,1,1,0,0.0163
user_741,29,F,desktop,3.36,documentary,0,5,0,0.0231
user_742,36,F,desktop,1.33,comedy,12,6,0,0.0257
user_743,50,M,tablet,0.49,drama,4,4,0,0.02
user_744,33,M,desktop,1.2,romance,2,6,0,0.0323
user_745,50,M,mobile,6.24,drama,17,2,0,0.0163
user_746,31,F,tablet,6.52,comedy,6,1,0,0.0317
user_747,34,M,desktop,8.59,comedy,18,3,0,0.0318
user_748,32,F,smart_tv,3.12,romance,17,1,0,0.0315
user_749,24,M,smart_tv,0.56,documentary,21,6,0,0.0381
user_750,42,M,tablet,0.69,romance,8,4,0,0.0308
user_751,50,M,tablet,6.04,comedy,23,0,0,0.0181
user_752,67,F,desktop,0.58,drama,20,4,0,0.0271
user_753,27,M,mobile,0.54,documentary,4,4,0,0.0296
user_754,66,M,smart_tv,0.01,drama,19,6,0,0.0447
user_755,32,M,smart_tv,0.61,drama,19,1,0,0.0521
user_756,45,M,desktop,4.42,drama,1,0,0,0.0374
user_757,50,F,mobile,0.94,drama,10,0,0,0.0266
user_758,69,F,mobile,2.3,romance,13,3,0,0.026
user_759,18,M,mobile,1.28,comedy,7,4,0,0.0215
user_760,37,F,smart_tv,3.46,drama,13,6,1,0.0386
user_761,37,M,smart_tv,8.55,sci-fi,10,1,0,0.0448
user_762,29,F,tablet,1.92,romance,23,5,0,0.029
user_763,45,F,tablet,0.14,comedy,8,6,0,0.0254
user_764,65,F,desktop,0.42,drama,13,2,0,0.0199
user_765,53,F,tablet,0.93,documentary,13,5,0,0.02
user_766,35,F,tablet,4.23,romance,20,2,0,0.0342
user_767,36,F,tablet,5.09,drama,4,6,0,0.0363
user_768,20,F,mobile,3.07,sci-fi,8,6,0,0.0207
user_769,43,M,tablet,0.97,drama,5,1,0,0.033
user_770,31,M,desktop,2.98,romance,11,6,0,0.0257
user_771,34,M,smart_tv,0.9,drama,0,3,0,0.0286
user_772,51,F,mobile,2.4,documentary,17,4,0,0.017
user_773,27,F,desktop,0.53,drama,10,6,0,0.0214
user_774,19,F,desktop,1.02,sci-fi,3,1,0,0.0285
user_775,53,M,desktop,1.43,romance,15,5,0,0.023
user_776,61,F,desktop,6.75,action,0,1,0,0.0228
user_777,61,F,tablet,4.78,romance,5,0,0,0.0215
user_778,68,F,tablet,8.98,romance,20,0,0,0.0236
user_779,35,F,tablet,0.28,documentary,15,1,0,0.0245
user_780,69,F,tablet,9.93,action,10,6,0,0.0144
user_781,40,M,smart_tv,0.12,action,20,1,0,0.0468
user_782,51,F,smart_tv,4.93,sci-fi,21,1,0,0.0327
user_783,47,F,mobile,0.26,documentary,16,2,0,0.0269
user_784,50,M,mobile,3.02,documentary,9,2,0,0.0244
user_785,40,M,desktop,0.47,documentary,23,1,0,0.022
user_786,65,M,desktop,1.98,sci-fi,18,4,0,0.0166
user_787,29,F,smart_tv,3.4,comedy,12,4,0,0.0414
user_788,54,M,desktop,4.76,documentary,15,6,0,0.021
user_789,49,M,mobile,1.93,drama,9,3,0,0.0236
user_790,67,M,desktop,1.62,documentary,2,6,0,0.0215
user_791,23,M,tablet,0.64,comedy,4,6,0,0.0179
user_792,62,M,smart_tv,4.7,sci-fi,22,2,0,0.0299
user_793,21,F,tablet,4.13,comedy,11,3,0,0.0186
user_794,50,F,mobile,1.93,romance,19,5,0,0.033
user_795,51,F,desktop,3.48,comedy,12,1,0,0.0184
user_796,21,M,mobile,0.61,action,7,4,0,0.0332
user_797,32,F,smart_tv,0.16,drama,21,2,0,0.0449
user_798,48,F,tablet,3.16,action,22,3,0,0.0236
user_799,26,M,mobile,0.5,drama,22,1,0,0.0533
user_800,58,M,mobile,0.69,documentary,9,3,0,0.0184
user_801,18,M,tablet,1.1,drama,23,2,0,0.0209
user_802,43,M,desktop,2.73,romance,3,0,0,0.0261
user_803,40,F,mobile,2.94,romance,14,6,0,0.038
user_804,60,F,smart_tv,6.02,documentary,15,0,0,0.0306
user_805,21,F,tablet,0.87,romance,3,2,0,0.0224
user_806,67,M,tablet,0.18,sci-fi,23,3,0,0.0245
user_807,40,F,mobile,0.16,documentary,15,4,0,0.0311
user_808,54,M,smart_tv,0.91,comedy,13,5,0,0.0262
user_809,36,M,tablet,0.65,documentary,20,3,0,0.0389
user_810,27,F,desktop,1.0,sci-fi,9,1,0,0.0405
user_811,68,M,tablet,0.33,action,6,5,0,0.0162
user_812,26,M,mobile,0.05,romance,19,4,0,0.0583
user_813,36,F,desktop,0.03,romance,23,0,0,0.0312
user_814,53,F,tablet,1.23,romance,0,6,0,0.018
user_815,33,F,desktop,1.78,documentary,5,5,0,0.037
user_816,38,F,smart_tv,0.83,sci-fi,18,0,1,0.0608
user_817,38,M,mobile,1.48,action,12,5,0,0.0292
user_818,61,M,desktop,0.9,romance,18,4,0,0.0209
user_819,34,M,desktop,6.94,romance,9,1,0,0.038
user_820,44,M,desktop,1.49,documentary,18,0,0,0.0248
user_821,24,M,smart_tv,1.3,sci-fi,3,5,0,0.0243
user_822,21,F,mobile,0.64,drama,23,5,0,0.0193
user_823,36,F,desktop,1.16,drama,2,6,0,0.0279
user_824,26,M,tablet,1.65,sci-fi,2,5,0,0.0424
user_825,37,M,mobile,0.64,action,9,6,0,0.0311
user_826,56,F,desktop,1.47,romance,17,2,0,0.0157
user_827,61,F,desktop,6.5,comedy,6,3,0,0.0151
user_828,26,M,mobile,0.7,drama,2,1,0,0.028
user_829,21,M,tablet,0.98,documentary,11,1,0,0.0203
user_830,40,F,tablet,0.65,documentary,14,0,0,0.0274
user_831,29,F,mobile,3.1,comedy,5,3,0,0.0424
user_832,27,M,desktop,2.56,action,3,6,0,0.0399
user_833,56,M,desktop,0.17,romance,12,1,0,0.0173
user_834,32,F,desktop,4.64,comedy,2,2,0,0.0234
user_835,20,M,tablet,1.65,action,6,4,0,0.0246
user_836,56,F,mobile,0.79,drama,4,1,0,0.0155
user_837,38,F,desktop,9.37,drama,2,2,0,0.029
user_838,65,F,smart_tv,0.78,documentary,7,4,0,0.0316
user_839,44,F,mobile,0.5,action,2,0,1,0.037
user_840,69,F,tablet,0.48,drama,21,6,0,0.0219
user_841,29,F,mobile,2.95,sci-fi,8,0,0,0.0435
user_842,27,M,mobile,3.48,sci-fi,2,2,0,0.0339
user_843,24,M,tablet,1.98,documentary,1,2,0,0.0146
user_844,24,M,desktop,6.64,documentary,1,1,0,0.0194
user_845,56,M,mobile,5.06,sci-fi,22,2,0,0.033
user_846,39,F,mobile,1.44,action,7,4,0,0.0459
user_847,67,M,mobile,0.09,romance,21,4,0,0.0376
user_848,27,M,desktop,1.41,documentary,17,6,0,0.0239
user_849,52,F,tablet,1.86,sci-fi,8,2,0,0.0249
user_850,56,M,tablet,2.46,drama,12,2,0,0.0166
user_851,64,M,smart_tv,1.22,documentary,1,4,0,0.0312
user_852,48,M,mobile,6.73,romance,18,6,0,0.0286
user_853,46,F,smart_tv,0.06,comedy,10,2,0,0.0217
user_854,55,F,desktop,0.17,drama,14,1,0,0.0246
user_855,52,M,tablet,10.11,action,10,5,0,0.0211
user_856,19,F,desktop,3.02,comedy,4,0,0,0.0191
user_857,48,F,desktop,0.93,romance,20,0,0,0.0253
user_858,20,F,mobile,1.1,sci-fi,20,4,0,0.0414
user_859,43,F,mobile,0.33,drama,15,0,0,0.0233
user_860,64,M,mobile,1.49,drama,20,1,0,0.034
user_861,55,F,mobile,5.24,action,20,6,0,0.0251
user_862,68,F,smart_tv,0.06,documentary,7,1,0,0.0276
user_863,46,F,mobile,0.24,comedy,9,4,0,0.025
user_864,62,F,mobile,0.15,action,7,4,0,0.0156
user_865,55,M,desktop,15.97,action,8,0,0,0.0212
user_866,43,M,smart_tv,0.75,documentary,7,6,0,0.0434
user_867,59,F,mobile,0.34,romance,1,0,0,0.0254
user_868,40,F,desktop,0.51,romance,2,5,0,0.0314
user_869,19,F,desktop,2.7,comedy,11,5,0,0.023
user_870,65,F,mobile,0.05,drama,0,4,0,0.0158
user_871,64,M,desktop,3.72,romance,11,4,0,0.025
user_872,27,M,tablet,1.74,drama,16,2,0,0.0252
user_873,51,M,mobile,3.51,drama,3,2,0,0.0276
user_874,28,F,desktop,0.87,comedy,17,6,0,0.036
user_875,29,M,mobile,5.65,sci-fi,15,6,0,0.0326
user_876,49,F,tablet,1.51,documentary,12,0,0,0.0196
user_877,47,F,tablet,0.39,action,15,1,0,0.0202
user_878,68,F,tablet,2.58,documentary,4,4,0,0.0205
user_879,69,M,desktop,1.09,action,17,5,0,0.0168
user_880,61,M,smart_tv,0.77,romance,20,0,0,0.0449
user_881,26,M,desktop,1.05,comedy,19,5,0,0.0412
user_882,56,F,smart_tv,5.45,comedy,18,0,0,0.0304
user_883,33,F,tablet,1.68,romance,22,3,0,0.0372
user_884,59,F,desktop,7.05,sci-fi,12,1,0,0.0228
user_885,53,F,mobile,0.79,sci-fi,17,5,0,0.02
user_886,59,M,smart_tv,1.18,comedy,17,0,0,0.0197
user_887,28,F,smart_tv,1.3,romance,9,5,0,0.0277
user_888,37,F,tablet,18.35,romance,12,3,0,0.0284
user_889,69,M,tablet,1.75,documentary,4,5,0,0.0259
user_890,59,F,mobile,0.89,romance,17,3,0,0.0257
user_891,47,M,desktop,1.27,drama,13,3,0,0.019
user_892,61,M,smart_tv,0.14,comedy,21,0,0,0.0398
user_893,64,F,tablet,1.72,romance,4,1,0,0.0148
user_894,60,M,mobile,3.49,romance,6,6,0,0.0202
user_895,30,M,desktop,2.52,sci-fi,5,2,0,0.0336
user_896,29,M,tablet,2.32,comedy,17,4,1,0.0323
user_897,61,F,mobile,0.67,comedy,10,6,0,0.0177
user_898,51,M,smart_tv,8.03,documentary,7,0,0,0.0286
user_899,25,M,smart_tv,7.27,comedy,18,1,0,0.0275
user_900,58,M,smart_tv,5.26,action,14,6,0,0.0242
user_901,25,M,desktop,2.47,sci-fi,16,1,0,0.0381
user_902,45,M,smart_tv,1.49,drama,17,1,0,0.0286
user_903,30,M,mobile,1.64,action,16,5,0,0.0346
user_904,67,F,desktop,3.17,drama,8,3,0,0.0163
user_905,46,F,desktop,4.46,romance,5,1,0,0.0204
user_906,39,M,smart_tv,1.52,comedy,12,4,0,0.0378
user_907,26,M,tablet,1.3,sci-fi,1,2,0,0.0453
user_908,20,M,desktop,10.43,romance,22,0,0,0.0316
user_909,26,F,tablet,2.61,drama,3,4,1,0.0385
user_910,46,F,tablet,0.2,comedy,4,4,0,0.0189
user_911,39,F,smart_tv,2.89,romance,2,5,0,0.0283
user_912,58,M,tablet,5.29,drama,1,6,0,0.026
user_913,57,F,mobile,0.43,romance,15,0,0,0.017
user_914,35,M,desktop,3.67,action,0,4,0,0.0434
user_915,61,F,tablet,5.7,drama,7,1,0,0.0252
user_916,29,F,tablet,1.95,romance,4,0,0,0.0379
user_917,44,M,desktop,1.93,action,6,5,0,0.0282
user_918,48,M,smart_tv,0.75,action,2,1,0,0.0286
user_919,22,F,mobile,5.84,documentary,5,3,0,0.0244
user_920,49,F,desktop,0.98,drama,0,0,0,0.0161
user_921,29,F,mobile,0.22,drama,11,5,0,0.0245
user_922,30,M,smart_tv,0.32,documentary,20,3,0,0.0547
user_923,50,F,tablet,1.98,documentary,15,1,0,0.0171
user_924,59,M,mobile,0.26,romance,23,6,0,0.0213
user_925,40,F,desktop,2.44,drama,17,6,0,0.0252
user_926,39,F,mobile,3.6,comedy,16,1,0,0.0403
user_927,33,M,tablet,0.31,sci-fi,22,4,0,0.0385
user_928,42,M,mobile,1.61,drama,16,1,0,0.0337
user_929,36,M,smart_tv,1.04,comedy,22,5,0,0.066
user_930,35,M,mobile,6.82,romance,16,2,0,0.0278
user_931,54,F,tablet,2.04,comedy,9,4,0,0.0153
user_932,47,M,mobile,0.09,drama,15,5,0,0.0201
user_933,67,M,tablet,0.81,action,5,2,0,0.0231
user_934,45,M,mobile,0.68,documentary,5,6,0,0.0298
user_935,23,M,desktop,2.19,sci-fi,13,1,0,0.0294
user_936,48,F,smart_tv,5.91,comedy,16,5,0,0.0259
user_937,65,F,mobile,2.19,drama,19,1,0,0.0239
user_938,26,F,smart_tv,11.3,documentary,21,1,0,0.0555
user_939,45,M,smart_tv,18.81,action,15,6,0,0.0392
user_940,29,M,smart_tv,2.75,sci-fi,14,4,0,0.0479
user_941,19,F,smart_tv,2.54,romance,17,5,0,0.0281
user_942,28,F,tablet,9.92,sci-fi,10,4,0,0.0415
user_943,31,F,desktop,2.45,drama,10,6,0,0.0331
user_944,56,F,tablet,0.52,action,20,1,0,0.0318
user_945,39,M,tablet,6.42,comedy,22,4,0,0.0518
user_946,25,M,mobile,10.78,sci-fi,20,1,0,0.0489
user_947,66,F,mobile,4.53,comedy,5,5,0,0.0155
user_948,29,M,desktop,0.96,sci-fi,16,6,0,0.0276
user_949,47,M,tablet,3.88,drama,23,5,0,0.0171
user_950,41,F,desktop,22.0,drama,21,5,0,0.033
user_951,29,M,smart_tv,0.19,documentary,6,6,0,0.0482
user_952,59,M,tablet,7.38,documentary,17,5,0,0.0188
user_953,59,F,mobile,2.95,documentary,3,4,0,0.0168
user_954,25,M,smart_tv,1.17,action,4,1,0,0.0429
user_955,56,F,smart_tv,0.28,romance,20,1,0,0.0464
user_956,61,F,mobile,2.16,documentary,4,2,0,0.022
user_957,37,M,tablet,1.09,drama,22,6,0,0.0462
user_958,51,F,smart_tv,3.37,drama,17,0,0,0.0208
user_959,69,F,tablet,2.03,drama,7,1,0,0.0188
user_960,45,M,smart_tv,4.52,action,15,1,0,0.0384
user_961,54,M,desktop,4.62,comedy,11,5,0,0.0244
user_962,61,M,smart_tv,1.08,action,14,1,0,0.0253
user_963,61,M,tablet,0.74,documentary,0,6,0,0.0242
user_964,62,M,tablet,3.59,drama,19,0,0,0.0271
user_965,34,F,tablet,8.5,comedy,8,6,0,0.028
user_966,37,F,mobile,0.87,romance,22,5,0,0.0524
user_967,28,F,tablet,0.05,drama,16,5,0,0.0279
user_968,44,F,tablet,1.13,documentary,16,0,0,0.0304
user_969,33,M,mobile,1.05,action,12,4,0,0.0352
user_970,23,F,smart_tv,1.78,action,19,0,0,0.0417
user_971,26,M,mobile,1.31,documentary,9,0,0,0.0278
user_972,53,M,mobile,0.7,action,23,5,0,0.0215
user_973,52,M,tablet,2.63,drama,22,3,0,0.0335
user_974,46,M,tablet,2.27,sci-fi,6,3,0,0.0141
user_975,56,F,desktop,8.64,action,8,1,0,0.0253
user_976,53,M,tablet,5.91,comedy,12,6,0,0.0195
user_977,44,M,smart_tv,1.75,action,19,1,0,0.06
user_978,25,F,tablet,2.83,action,12,6,0,0.0412
user_979,65,F,smart_tv,0.28,sci-fi,10,0,0,0.0283
user_980,24,F,tablet,2.04,sci-fi,6,4,0,0.0288
user_981,25,M,tablet,3.47,romance,16,1,0,0.029
user_982,44,F,tablet,1.45,comedy,16,2,0,0.0353
user_983,33,M,tablet,5.49,romance,5,4,0,0.0264
user_984,48,F,tablet,4.85,action,14,0,0,0.0177
user_985,49,M,smart_tv,3.59,romance,11,2,0,0.0203
user_986,22,F,tablet,3.64,romance,19,5,0,0.0319
user_987,29,M,tablet,2.4,documentary,4,6,0,0.0231
user_988,33,F,desktop,3.13,drama,19,2,0,0.0344
user_989,51,M,desktop,1.66,drama,21,3,0,0.0337
user_990,66,F,desktop,1.73,romance,2,2,0,0.0145
user_991,61,F,tablet,5.37,drama,9,2,0,0.0237
user_992,61,M,smart_tv,0.76,action,3,6,0,0.0285
user_993,55,F,smart_tv,1.98,comedy,3,4,0,0.0279
user_994,29,M,tablet,2.24,comedy,20,2,0,0.0396
user_995,33,F,tablet,7.51,drama,6,0,0,0.026
user_996,24,F,smart_tv,0.61,documentary,20,4,0,0.0449
user_997,24,M,desktop,3.79,romance,6,0,0,0.0258
user_998,26,F,smart_tv,4.12,documentary,12,6,0,0.0355
user_999,41,F,mobile,4.67,drama,12,6,0,0.0375
