user_id,age,gender,device,watch_time_hours,preferred_genre,clicked,actual_ctr
user_0,56,Male,smart_tv,3.29,Mystery,0,0.0275
user_1,40,Other,smart_tv,5.03,SciFi,0,0.0306
user_2,19,Female,desktop,0.0,SciFi,0,0.0162
user_3,39,Male,tablet,0.06,Drama,0,0.032
user_4,45,Other,desktop,0.24,Drama,0,0.0279
user_5,20,Male,smart_tv,2.85,Action,0,0.0192
user_6,31,Female,desktop,0.91,Mystery,0,0.0252
user_7,24,Male,tablet,0.09,Action,0,0.0171
user_8,19,Female,desktop,0.58,SciFi,0,0.0162
user_9,43,Female,desktop,5.63,SciFi,0,0.0218
user_10,33,Male,desktop,1.94,Comedy,0,0.0384
user_11,62,Male,mobile,4.05,Action,0,0.0142
user_12,18,Other,smart_tv,0.55,Drama,0,0.0305
user_13,59,Other,desktop,0.31,Action,0,0.0215
user_14,65,Other,smart_tv,2.76,Mystery,0,0.0296
user_15,44,Other,mobile,1.21,Drama,0,0.0347
user_16,31,Other,smart_tv,1.85,Comedy,0,0.0279
user_17,49,Other,mobile,0.94,SciFi,0,0.0249
user_18,62,Other,smart_tv,0.57,Mystery,0,0.0194
user_19,39,Female,desktop,4.13,Action,0,0.0229
user_20,61,Female,desktop,1.94,Comedy,0,0.0155
user_21,50,Male,mobile,2.61,Action,0,0.0238
user_22,56,Female,tablet,1.91,Mystery,0,0.0223
user_23,41,Other,smart_tv,0.98,Action,0,0.0367
user_24,69,Female,smart_tv,1.72,Action,0,0.0205
user_25,66,Female,desktop,1.32,Mystery,0,0.0181
user_26,19,Male,tablet,1.48,SciFi,0,0.015
user_27,34,Other,desktop,1.15,SciFi,0,0.0387
user_28,65,Male,mobile,0.97,Mystery,0,0.0243
user_29,53,Other,desktop,1.79,Drama,0,0.0182
user_30,58,Male,tablet,1.22,Comedy,0,0.0241
user_31,42,Female,smart_tv,1.95,Comedy,0,0.0333
user_32,43,Male,tablet,1.89,Comedy,0,0.0389
user_33,22,Male,tablet,2.51,Action,0,0.0173
user_34,33,Other,tablet,5.45,Action,0,0.0326
user_35,25,Female,tablet,2.33,Drama,0,0.0277
user_36,42,Male,desktop,0.44,Comedy,0,0.0297
user_37,58,Male,tablet,0.68,Mystery,0,0.0161
user_38,25,Other,smart_tv,2.68,Action,0,0.04
user_39,39,Other,desktop,0.7,Mystery,0,0.0298
user_40,44,Female,mobile,1.75,SciFi,0,0.033
user_41,65,Other,tablet,0.06,Action,0,0.0145
user_42,47,Male,desktop,6.16,Drama,0,0.023
user_43,46,Male,desktop,8.5,Drama,0,0.0258
user_44,38,Other,mobile,0.95,Comedy,0,0.031
user_45,20,Female,tablet,0.59,Comedy,0,0.017
user_46,43,Male,tablet,2.99,Drama,0,0.0338
user_47,59,Other,desktop,4.15,Action,0,0.0213
user_48,24,Male,tablet,4.0,Action,0,0.0149
user_49,31,Other,smart_tv,0.07,Comedy,0,0.0295
user_50,39,Other,mobile,0.42,Mystery,0,0.0361
user_51,66,Female,desktop,0.9,Drama,0,0.0155
user_52,61,Male,smart_tv,0.22,Mystery,0,0.0212
user_53,52,Other,tablet,3.24,Mystery,0,0.0256
user_54,36,Male,tablet,0.79,SciFi,0,0.0344
user_55,43,Male,desktop,4.52,Action,0,0.0334
user_56,18,Other,desktop,0.69,Action,0,0.0219
user_57,33,Male,smart_tv,2.68,Mystery,0,0.0416
user_58,29,Female,tablet,0.43,Action,0,0.0272
user_59,64,Male,desktop,4.84,SciFi,0,0.0161
user_60,43,Male,smart_tv,1.06,Mystery,0,0.0366
user_61,22,Female,tablet,1.17,Comedy,0,0.0252
user_62,22,Male,tablet,2.39,Comedy,0,0.0143
user_63,44,Female,smart_tv,2.58,Action,0,0.0463
user_64,29,Other,mobile,8.12,Comedy,0,0.0247
user_65,29,Other,desktop,0.05,Drama,0,0.0321
user_66,43,Male,desktop,2.86,Comedy,0,0.0257
user_67,67,Male,smart_tv,5.25,SciFi,0,0.0247
user_68,53,Female,mobile,3.47,Drama,0,0.0259
user_69,35,Male,smart_tv,2.17,Mystery,0,0.0329
user_70,40,Male,smart_tv,0.27,Action,0,0.0398
user_71,42,Female,mobile,5.65,Action,0,0.022
user_72,36,Male,smart_tv,7.85,SciFi,0,0.0407
user_73,22,Other,tablet,1.0,Drama,0,0.0166
user_74,33,Male,smart_tv,0.24,Comedy,0,0.0501
user_75,22,Other,smart_tv,1.97,Drama,0,0.02
user_76,27,Female,tablet,5.04,Mystery,0,0.025
user_77,44,Female,desktop,0.21,Mystery,0,0.0252
user_78,62,Male,desktop,4.19,Action,0,0.0211
user_79,48,Other,mobile,1.19,Drama,0,0.017
user_80,20,Male,mobile,1.3,Comedy,0,0.0229
user_81,58,Other,mobile,2.86,SciFi,0,0.0255
user_82,66,Male,tablet,1.88,Mystery,1,0.0256
user_83,49,Male,mobile,0.97,Mystery,0,0.0259
user_84,52,Other,tablet,0.2,Action,0,0.0166
user_85,18,Male,desktop,2.19,Action,0,0.025
user_86,33,Female,tablet,0.28,Mystery,0,0.026
user_87,43,Female,tablet,2.19,SciFi,0,0.0275
user_88,44,Female,smart_tv,1.92,Action,0,0.0369
user_89,65,Male,mobile,6.05,Mystery,0,0.0253
user_90,22,Other,mobile,1.35,Comedy,0,0.0206
user_91,50,Female,mobile,1.64,Action,0,0.0185
user_92,42,Female,smart_tv,4.61,Mystery,0,0.0288
user_93,18,Male,tablet,0.2,SciFi,0,0.0238
user_94,55,Other,mobile,2.2,Mystery,0,0.0253
user_95,34,Male,desktop,0.57,Action,0,0.0382
user_96,18,Male,tablet,2.41,SciFi,0,0.0172
user_97,51,Female,desktop,4.45,Comedy,0,0.0242
user_98,22,Female,desktop,3.92,Action,0,0.0156
user_99,32,Male,mobile,2.55,Drama,0,0.0248
user_100,51,Female,desktop,2.23,Drama,0,0.0151
user_101,55,Male,tablet,6.03,Comedy,0,0.0243
user_102,21,Female,tablet,4.61,Action,0,0.0171
user_103,51,Female,mobile,1.07,Drama,0,0.021
user_104,64,Male,smart_tv,0.34,Drama,0,0.0204
user_105,57,Male,smart_tv,5.18,Drama,0,0.0286
user_106,68,Other,mobile,0.46,SciFi,0,0.0182
user_107,23,Male,mobile,1.54,Comedy,0,0.0247
user_108,43,Male,smart_tv,0.1,Action,0,0.0386
user_109,47,Other,smart_tv,1.18,Action,0,0.0225
user_110,66,Other,mobile,10.72,Comedy,0,0.0231
user_111,19,Male,desktop,0.09,Drama,0,0.0226
user_112,63,Other,smart_tv,0.08,Comedy,0,0.0252
user_113,32,Male,smart_tv,1.18,Comedy,0,0.0405
user_114,39,Female,desktop,0.32,Action,0,0.0272
user_115,27,Other,mobile,1.73,SciFi,0,0.0307
user_116,25,Male,tablet,0.34,Action,0,0.0271
user_117,51,Other,tablet,1.72,Mystery,1,0.0252
user_118,38,Female,desktop,0.71,SciFi,0,0.0363
user_119,47,Other,tablet,5.68,Drama,0,0.0203
user_120,53,Other,desktop,1.27,SciFi,1,0.025
user_121,66,Female,tablet,3.21,Action,0,0.0226
user_122,43,Other,mobile,3.67,Comedy,0,0.0268
user_123,50,Male,tablet,0.3,Comedy,0,0.0232
user_124,28,Other,tablet,0.97,Drama,0,0.0219
user_125,27,Male,smart_tv,1.99,Comedy,0,0.0348
user_126,18,Other,mobile,0.01,Action,0,0.0211
user_127,52,Female,smart_tv,6.63,SciFi,0,0.0333
user_128,28,Male,desktop,0.5,Drama,0,0.0377
user_129,46,Other,mobile,3.47,SciFi,0,0.016
user_130,22,Other,smart_tv,2.51,SciFi,0,0.0231
user_131,35,Other,tablet,1.18,Drama,0,0.0322
user_132,32,Male,mobile,1.1,Comedy,0,0.0308
user_133,68,Other,smart_tv,1.41,Drama,0,0.028
user_134,69,Other,smart_tv,2.42,SciFi,0,0.0298
user_135,46,Female,mobile,0.93,Mystery,0,0.0233
user_136,21,Female,desktop,3.59,Drama,0,0.0231
user_137,30,Other,smart_tv,4.68,SciFi,0,0.0366
user_138,22,Male,smart_tv,1.31,Mystery,0,0.0294
user_139,68,Female,smart_tv,2.28,SciFi,0,0.021
user_140,55,Female,tablet,1.38,Comedy,0,0.0254
user_141,30,Female,desktop,2.36,SciFi,0,0.0317
user_142,65,Male,tablet,0.06,Comedy,0,0.0233
user_143,26,Female,smart_tv,3.33,Action,0,0.049
user_144,63,Male,mobile,0.45,SciFi,0,0.0155
user_145,68,Other,mobile,1.19,Mystery,0,0.018
user_146,43,Male,smart_tv,1.27,Action,0,0.0475
user_147,24,Female,smart_tv,3.34,Action,0,0.0274
user_148,68,Female,tablet,2.15,SciFi,0,0.019
user_149,66,Male,smart_tv,0.81,Comedy,0,0.0184
user_150,24,Male,tablet,1.54,SciFi,0,0.019
user_151,57,Male,smart_tv,2.26,Mystery,0,0.0244
user_152,36,Female,tablet,1.58,Action,0,0.0217
user_153,57,Other,desktop,0.87,Drama,0,0.0194
user_154,45,Male,desktop,1.72,Drama,0,0.0238
user_155,46,Other,smart_tv,3.5,Comedy,0,0.0224
user_156,50,Other,smart_tv,0.42,Comedy,0,0.0317
user_157,20,Other,smart_tv,1.76,Action,0,0.0307
user_158,50,Other,tablet,0.26,Drama,0,0.0256
user_159,38,Female,smart_tv,0.98,Comedy,0,0.0276
user_160,40,Male,smart_tv,0.33,Drama,0,0.0409
user_161,19,Male,smart_tv,2.45,Drama,0,0.0222
user_162,40,Other,tablet,4.44,Mystery,0,0.0284
user_163,51,Male,tablet,0.62,Comedy,0,0.0232
user_164,27,Female,tablet,10.56,Action,0,0.0297
user_165,26,Female,mobile,1.29,Action,0,0.0235
user_166,21,Female,desktop,5.77,Comedy,0,0.0173
user_167,35,Male,desktop,2.15,Comedy,0,0.031
user_168,29,Other,mobile,0.03,Mystery,0,0.0257
user_169,44,Female,tablet,2.51,Mystery,0,0.0242
user_170,43,Male,tablet,3.68,Comedy,0,0.024
user_171,68,Male,tablet,3.68,Mystery,0,0.0187
user_172,53,Male,smart_tv,0.88,Drama,0,0.033
user_173,41,Female,desktop,3.3,Action,0,0.0259
user_174,36,Other,tablet,0.13,Drama,0,0.0317
user_175,43,Female,mobile,1.06,Action,0,0.0284
user_176,57,Female,mobile,0.71,Drama,1,0.0149
user_177,68,Female,desktop,2.23,Drama,0,0.0178
user_178,66,Male,mobile,7.5,Action,0,0.0162
user_179,41,Other,tablet,2.55,Action,0,0.0329
user_180,23,Male,desktop,1.68,Drama,0,0.0259
user_181,64,Female,tablet,6.48,Comedy,0,0.0208
user_182,31,Other,mobile,3.28,Drama,0,0.0376
user_183,40,Male,desktop,3.42,SciFi,0,0.0362
user_184,59,Other,mobile,2.63,Drama,0,0.0207
user_185,20,Male,smart_tv,1.04,SciFi,0,0.0271
user_186,21,Male,desktop,0.96,Comedy,0,0.0202
user_187,61,Female,desktop,0.06,Comedy,1,0.0259
user_188,30,Male,desktop,6.99,Drama,1,0.0223
user_189,46,Female,mobile,1.29,Mystery,0,0.0198
user_190,61,Other,mobile,3.66,Action,0,0.018
user_191,18,Female,mobile,0.29,Comedy,0,0.0176
user_192,42,Male,mobile,11.0,Action,0,0.023
user_193,21,Other,desktop,4.0,Mystery,0,0.0151
user_194,63,Other,desktop,2.38,Action,0,0.0229
user_195,25,Male,smart_tv,0.66,Drama,0,0.0393
user_196,51,Male,desktop,0.09,Comedy,0,0.0234
user_197,22,Female,smart_tv,0.61,Action,0,0.0327
user_198,59,Other,desktop,1.69,Action,0,0.0158
user_199,55,Male,tablet,3.44,Action,0,0.0211
user_200,51,Other,mobile,1.24,Drama,0,0.0156
user_201,42,Female,tablet,0.09,Action,0,0.0309
user_202,41,Other,desktop,0.75,Mystery,0,0.0219
user_203,54,Male,tablet,0.2,Action,0,0.0147
user_204,46,Other,desktop,2.12,Comedy,0,0.0205
user_205,50,Female,tablet,3.99,SciFi,0,0.0242
user_206,58,Male,smart_tv,0.68,Mystery,0,0.0288
user_207,55,Other,mobile,5.32,Comedy,0,0.0196
user_208,59,Female,tablet,1.02,Comedy,0,0.0238
user_209,46,Other,desktop,0.85,Drama,0,0.0258
user_210,48,Female,tablet,0.02,Mystery,0,0.0234
user_211,47,Other,desktop,1.42,Comedy,0,0.0181
user_212,47,Male,mobile,3.89,SciFi,0,0.0223
user_213,44,Male,tablet,0.17,Comedy,0,0.0295
user_214,35,Female,desktop,9.08,Mystery,0,0.029
user_215,69,Male,tablet,0.06,Drama,0,0.0239
user_216,49,Other,smart_tv,2.87,Comedy,0,0.0207
user_217,21,Male,smart_tv,1.5,Mystery,0,0.029
user_218,19,Other,desktop,0.65,Drama,0,0.0173
user_219,61,Male,mobile,6.01,Mystery,0,0.0217
user_220,22,Other,smart_tv,1.32,SciFi,0,0.0295
user_221,52,Male,mobile,3.14,Comedy,0,0.0244
user_222,25,Female,mobile,5.07,Mystery,0,0.0238
user_223,67,Other,smart_tv,3.98,SciFi,0,0.0187
user_224,20,Female,smart_tv,1.64,Action,0,0.0277
user_225,26,Female,tablet,1.69,Mystery,0,0.0258
user_226,28,Male,mobile,0.03,Comedy,0,0.0332
user_227,64,Other,desktop,0.86,Mystery,0,0.0231
user_228,58,Other,desktop,3.46,Action,0,0.0169
user_229,49,Other,tablet,1.65,SciFi,0,0.0224
user_230,49,Female,tablet,0.19,Action,0,0.0151
user_231,50,Male,tablet,1.11,Comedy,0,0.0257
user_232,67,Other,desktop,0.11,SciFi,0,0.0153
user_233,20,Other,desktop,2.26,Action,0,0.0146
user_234,67,Female,tablet,4.05,Drama,0,0.0198
user_235,33,Female,desktop,3.83,Drama,0,0.0217
user_236,31,Other,desktop,0.16,SciFi,0,0.0239
user_237,36,Other,desktop,1.03,Mystery,0,0.0352
user_238,68,Female,desktop,3.18,Mystery,0,0.026
user_239,20,Female,smart_tv,2.85,Mystery,0,0.0247
user_240,24,Male,desktop,8.1,Comedy,0,0.0229
user_241,21,Female,tablet,1.76,Comedy,0,0.0244
user_242,53,Female,mobile,1.26,SciFi,0,0.0245
user_243,23,Other,desktop,12.11,Comedy,0,0.0249
user_244,62,Female,tablet,4.52,Action,0,0.0156
user_245,65,Female,smart_tv,2.5,Comedy,0,0.021
user_246,62,Male,desktop,0.26,Mystery,0,0.0193
user_247,42,Female,smart_tv,0.45,Drama,0,0.0346
user_248,52,Male,mobile,0.98,SciFi,0,0.0156
user_249,64,Other,smart_tv,5.38,Comedy,0,0.0252
user_250,58,Male,mobile,0.71,Drama,0,0.0254
user_251,37,Male,smart_tv,3.33,Mystery,0,0.0398
user_252,61,Other,smart_tv,2.04,Drama,0,0.0199
user_253,19,Male,smart_tv,0.66,Comedy,0,0.0188
user_254,23,Male,mobile,0.23,Action,0,0.0201
user_255,59,Male,desktop,8.39,Drama,0,0.0142
user_256,46,Male,smart_tv,1.52,Drama,0,0.0258
user_257,37,Other,tablet,0.36,SciFi,0,0.0337
user_258,25,Female,mobile,0.25,Mystery,0,0.029
user_259,39,Other,desktop,2.71,Comedy,1,0.0277
user_260,35,Male,desktop,5.08,Action,0,0.0215
user_261,63,Male,mobile,0.61,Mystery,0,0.022
user_262,45,Female,desktop,2.32,Action,0,0.0366
user_263,30,Male,mobile,2.09,Action,0,0.023
user_264,55,Female,tablet,2.75,Comedy,0,0.0231
user_265,36,Male,smart_tv,1.18,Action,0,0.035
user_266,24,Other,mobile,1.2,Mystery,0,0.0194
user_267,66,Other,tablet,0.04,Drama,0,0.0212
user_268,27,Female,desktop,1.74,Mystery,0,0.0365
user_269,23,Male,mobile,1.04,SciFi,0,0.0158
user_270,32,Other,smart_tv,3.62,Comedy,0,0.044
user_271,38,Other,smart_tv,0.02,Mystery,0,0.0483
user_272,28,Other,smart_tv,0.55,Mystery,0,0.0355
user_273,21,Male,tablet,2.77,Mystery,0,0.0236
user_274,33,Female,tablet,3.16,Comedy,0,0.0259
user_275,42,Female,smart_tv,0.33,SciFi,0,0.0315
user_276,24,Other,tablet,3.94,Mystery,0,0.0171
user_277,21,Female,smart_tv,4.23,SciFi,0,0.0189
user_278,30,Other,desktop,4.28,SciFi,0,0.0251
user_279,27,Female,mobile,4.58,Action,0,0.0253
user_280,67,Other,tablet,1.38,Comedy,0,0.0237
user_281,27,Male,smart_tv,2.21,Action,0,0.0445
user_282,38,Male,desktop,0.06,Drama,0,0.0319
user_283,27,Male,desktop,2.5,Action,0,0.0299
user_284,52,Other,mobile,2.82,Comedy,0,0.0191
user_285,66,Other,smart_tv,1.04,Drama,0,0.0276
user_286,49,Other,mobile,0.21,Mystery,0,0.0247
user_287,25,Male,smart_tv,1.05,SciFi,0,0.0377
user_288,22,Other,tablet,1.94,Comedy,0,0.0222
user_289,20,Female,desktop,0.13,SciFi,0,0.0219
user_290,51,Other,desktop,1.01,SciFi,0,0.0151
user_291,46,Other,smart_tv,0.56,Comedy,0,0.0197
user_292,33,Male,tablet,2.73,SciFi,0,0.0295
user_293,40,Other,tablet,0.05,SciFi,0,0.0377
user_294,47,Male,tablet,2.44,Comedy,0,0.0235
user_295,33,Female,tablet,3.08,SciFi,0,0.0265
user_296,19,Male,mobile,1.06,Action,0,0.0206
user_297,69,Female,smart_tv,7.14,Comedy,0,0.0262
user_298,60,Other,desktop,2.09,SciFi,0,0.0165
user_299,59,Female,desktop,2.47,Comedy,0,0.0244
user_300,33,Other,tablet,4.27,Mystery,0,0.0214
user_301,52,Female,desktop,9.28,Comedy,0,0.0239
user_302,50,Other,desktop,0.37,Mystery,0,0.0178
user_303,23,Male,mobile,1.15,Mystery,0,0.0143
user_304,21,Male,tablet,3.75,SciFi,0,0.0177
user_305,35,Male,tablet,4.77,Mystery,0,0.0213
user_306,40,Other,smart_tv,0.16,Drama,0,0.0318
user_307,28,Female,mobile,2.42,Action,0,0.0287
user_308,38,Male,tablet,0.9,Drama,0,0.0242
user_309,50,Other,tablet,4.2,SciFi,0,0.0177
user_310,55,Other,desktop,0.35,SciFi,0,0.0189
user_311,52,Other,smart_tv,1.34,Mystery,0,0.0242
user_312,19,Female,smart_tv,1.36,Mystery,0,0.0301
user_313,56,Male,mobile,0.98,Comedy,0,0.0169
user_314,35,Male,mobile,0.11,Action,0,0.023
user_315,38,Other,mobile,1.67,SciFi,0,0.0366
user_316,35,Other,mobile,2.38,Mystery,0,0.0293
user_317,30,Male,mobile,0.27,Action,0,0.038
user_318,65,Male,mobile,4.6,Comedy,0,0.017
user_319,45,Other,smart_tv,2.69,Drama,0,0.0378
user_320,34,Other,tablet,5.35,Mystery,0,0.0343
user_321,54,Male,tablet,0.22,Drama,0,0.0219
user_322,52,Male,mobile,1.78,Comedy,0,0.0195
user_323,69,Other,smart_tv,2.71,SciFi,0,0.0237
user_324,22,Female,desktop,3.61,Comedy,0,0.0143
user_325,45,Male,smart_tv,3.81,Action,0,0.0501
user_326,20,Male,tablet,2.39,Action,0,0.0217
user_327,67,Female,mobile,0.33,Drama,0,0.0258
user_328,49,Other,tablet,4.18,SciFi,0,0.0159
user_329,34,Female,smart_tv,0.25,Drama,0,0.0402
user_330,67,Female,tablet,0.69,Mystery,0,0.0221
user_331,66,Male,smart_tv,2.78,Action,0,0.0222
user_332,38,Male,desktop,1.54,SciFi,0,0.022
user_333,39,Other,mobile,6.93,Mystery,0,0.0341
user_334,38,Other,tablet,4.26,Drama,0,0.0237
user_335,39,Other,mobile,2.23,Drama,0,0.0264
user_336,46,Female,smart_tv,2.15,Action,0,0.0301
user_337,59,Female,tablet,4.17,SciFi,0,0.0227
user_338,57,Other,tablet,5.3,Comedy,0,0.0164
user_339,63,Other,smart_tv,0.52,Action,0,0.0241
user_340,53,Female,desktop,3.58,SciFi,0,0.0229
user_341,51,Male,mobile,2.84,Drama,0,0.0241
user_342,36,Male,desktop,1.15,Mystery,0,0.0326
user_343,52,Female,mobile,2.72,Mystery,0,0.0143
user_344,62,Male,smart_tv,5.18,Mystery,0,0.0282
user_345,33,Female,smart_tv,3.03,Comedy,0,0.0413
user_346,36,Male,smart_tv,0.2,Mystery,0,0.0448
user_347,48,Other,tablet,1.17,Action,0,0.0192
user_348,69,Male,smart_tv,4.04,Drama,0,0.0296
user_349,50,Male,desktop,2.53,Drama,0,0.0222
user_350,28,Other,mobile,7.51,Mystery,0,0.0243
user_351,67,Other,mobile,3.01,Mystery,0,0.0224
user_352,68,Male,smart_tv,0.75,Comedy,0,0.0318
user_353,54,Male,mobile,1.53,Mystery,0,0.0225
user_354,56,Other,desktop,6.0,Action,0,0.0141
user_355,63,Male,smart_tv,6.4,Action,0,0.0331
user_356,61,Female,desktop,0.09,Drama,0,0.0173
user_357,27,Female,smart_tv,1.49,Mystery,0,0.0336
user_358,53,Other,tablet,2.42,Drama,0,0.0157
user_359,50,Other,smart_tv,0.23,Comedy,0,0.0296
user_360,41,Other,tablet,6.9,Comedy,0,0.0359
user_361,31,Male,mobile,9.95,Comedy,0,0.0236
user_362,54,Male,smart_tv,0.92,Mystery,0,0.0277
user_363,58,Male,desktop,3.18,Comedy,0,0.0151
user_364,50,Male,tablet,0.3,Comedy,0,0.0188
user_365,56,Female,mobile,1.96,Comedy,0,0.0198
user_366,19,Female,tablet,0.61,Comedy,0,0.0195
user_367,56,Female,tablet,0.16,SciFi,0,0.0183
user_368,68,Other,mobile,0.56,Mystery,0,0.016
user_369,63,Female,smart_tv,0.57,Mystery,0,0.0285
user_370,31,Other,mobile,1.5,Comedy,0,0.0345
user_371,19,Male,tablet,1.56,SciFi,0,0.0205
user_372,23,Other,tablet,1.5,Drama,0,0.0186
user_373,68,Other,tablet,0.52,SciFi,0,0.0235
user_374,38,Other,mobile,1.26,Comedy,0,0.0238
user_375,29,Female,smart_tv,2.38,Mystery,0,0.0485
user_376,57,Female,mobile,2.28,Mystery,0,0.0228
user_377,54,Female,desktop,8.59,Drama,0,0.0246
user_378,63,Other,tablet,11.15,Mystery,0,0.0258
user_379,30,Female,tablet,14.59,Comedy,0,0.0287
user_380,44,Male,mobile,0.24,SciFi,0,0.0339
user_381,22,Other,mobile,1.03,Action,0,0.0238
user_382,36,Male,smart_tv,5.79,SciFi,0,0.038
user_383,51,Female,smart_tv,5.3,Comedy,0,0.022
user_384,43,Female,mobile,0.69,SciFi,0,0.0373
user_385,35,Female,smart_tv,2.63,Action,0,0.047
user_386,32,Other,smart_tv,0.08,Mystery,0,0.0431
user_387,57,Other,smart_tv,0.46,SciFi,0,0.0217
user_388,40,Other,smart_tv,2.96,Action,0,0.0323
user_389,38,Other,mobile,0.91,SciFi,0,0.0379
user_390,56,Male,smart_tv,0.15,Comedy,0,0.0284
user_391,44,Other,smart_tv,0.29,SciFi,0,0.0362
user_392,36,Female,smart_tv,0.29,SciFi,0,0.0277
user_393,31,Female,desktop,0.82,Action,0,0.0263
user_394,59,Other,mobile,4.57,Mystery,0,0.0256
user_395,36,Other,tablet,0.3,Mystery,0,0.0307
user_396,47,Male,tablet,2.09,SciFi,0,0.0176
user_397,52,Male,smart_tv,3.28,Action,0,0.019
user_398,25,Female,mobile,1.0,Action,0,0.0388
user_399,33,Male,desktop,3.96,SciFi,0,0.0315
user_400,67,Male,smart_tv,2.69,SciFi,0,0.0216
user_401,26,Male,mobile,2.77,Action,0,0.0222
user_402,25,Male,smart_tv,1.41,SciFi,0,0.0486
user_403,32,Male,smart_tv,5.58,Mystery,0,0.0313
user_404,55,Male,mobile,2.55,SciFi,0,0.0153
user_405,62,Other,desktop,0.76,Comedy,0,0.0197
user_406,25,Other,desktop,0.18,Action,0,0.0211
user_407,23,Female,smart_tv,0.38,SciFi,0,0.0255
user_408,62,Male,smart_tv,0.55,Drama,0,0.0252
user_409,66,Male,mobile,0.01,Action,0,0.0166
user_410,50,Female,smart_tv,4.06,Action,0,0.0216
user_411,58,Male,tablet,0.23,Action,0,0.0238
user_412,56,Other,mobile,0.08,Drama,0,0.0145
user_413,63,Male,mobile,1.24,Drama,0,0.0189
user_414,62,Male,tablet,0.88,Comedy,0,0.0255
user_415,25,Male,smart_tv,0.01,Mystery,1,0.0467
user_416,37,Female,desktop,0.3,Action,0,0.0292
user_417,36,Other,tablet,1.99,Action,0,0.0223
user_418,32,Male,smart_tv,1.33,Mystery,0,0.0432
user_419,28,Male,desktop,1.74,Drama,0,0.0374
user_420,45,Other,tablet,2.54,Mystery,0,0.0372
user_421,33,Female,tablet,4.29,Action,0,0.0286
user_422,18,Other,mobile,1.27,Mystery,0,0.0155
user_423,48,Male,smart_tv,4.24,SciFi,0,0.0242
user_424,53,Other,mobile,0.81,Mystery,0,0.0243
user_425,61,Female,tablet,4.32,SciFi,0,0.021
user_426,40,Other,tablet,0.03,Drama,0,0.0318
user_427,50,Other,desktop,0.46,Mystery,0,0.0217
user_428,18,Male,smart_tv,0.42,Mystery,0,0.0263
user_429,52,Other,smart_tv,0.19,Drama,0,0.0231
user_430,22,Female,tablet,0.61,SciFi,0,0.0207
user_431,66,Male,desktop,1.66,Drama,0,0.0204
user_432,43,Other,desktop,0.08,Drama,1,0.0239
user_433,32,Male,desktop,0.35,Comedy,0,0.0231
user_434,54,Other,smart_tv,1.47,Comedy,0,0.0311
user_435,30,Other,smart_tv,0.41,Action,0,0.0363
user_436,21,Male,mobile,1.62,Mystery,0,0.0205
user_437,40,Other,smart_tv,0.9,Mystery,0,0.0319
user_438,63,Other,tablet,0.67,Drama,0,0.0207
user_439,45,Other,tablet,20.4,Mystery,0,0.0323
user_440,68,Male,mobile,3.32,Comedy,0,0.0215
user_441,36,Male,smart_tv,1.26,SciFi,0,0.0472
user_442,36,Other,tablet,2.25,Comedy,0,0.034
user_443,29,Female,mobile,3.42,SciFi,0,0.022
user_444,58,Female,desktop,7.21,Action,0,0.0254
user_445,61,Female,smart_tv,0.9,SciFi,0,0.0227
user_446,41,Other,smart_tv,2.33,Action,0,0.0358
user_447,31,Other,desktop,1.47,SciFi,0,0.0355
user_448,26,Male,mobile,2.56,Action,0,0.0371
user_449,55,Other,smart_tv,0.08,Mystery,1,0.0327
user_450,49,Female,mobile,0.08,Drama,0,0.0223
user_451,38,Female,mobile,0.82,Action,0,0.0353
user_452,67,Female,mobile,0.24,Drama,0,0.0229
user_453,18,Other,mobile,0.01,Mystery,0,0.0239
user_454,18,Other,desktop,0.28,Action,0,0.0227
user_455,21,Female,smart_tv,0.17,Drama,0,0.0268
user_456,30,Male,tablet,0.19,Mystery,0,0.0228
user_457,19,Male,smart_tv,4.61,SciFi,0,0.0292
user_458,19,Female,mobile,2.75,SciFi,0,0.0244
user_459,40,Female,tablet,1.3,Drama,0,0.0214
user_460,56,Male,mobile,2.56,Mystery,0,0.0144
user_461,36,Male,mobile,0.33,Action,0,0.034
user_462,27,Female,tablet,2.45,SciFi,0,0.0325
user_463,67,Female,tablet,0.9,SciFi,0,0.0157
user_464,35,Other,smart_tv,0.84,Comedy,0,0.0466
user_465,58,Male,smart_tv,0.27,Action,0,0.0262
user_466,49,Female,desktop,5.65,Comedy,0,0.0196
user_467,61,Male,tablet,0.95,Drama,0,0.0239
user_468,26,Other,desktop,0.94,SciFi,0,0.0373
user_469,36,Male,desktop,1.18,SciFi,0,0.0332
user_470,40,Female,mobile,1.23,Drama,0,0.0362
user_471,64,Other,mobile,3.12,Mystery,0,0.0162
user_472,28,Male,tablet,3.03,Action,0,0.0229
user_473,29,Male,desktop,0.28,SciFi,0,0.0366
user_474,65,Female,tablet,1.15,SciFi,0,0.014
user_475,30,Female,mobile,4.32,Comedy,0,0.0248
user_476,28,Female,tablet,2.61,SciFi,0,0.0332
user_477,51,Male,tablet,6.68,SciFi,0,0.0229
user_478,61,Male,tablet,3.12,Action,0,0.0247
user_479,52,Male,mobile,4.33,Comedy,0,0.0205
user_480,27,Female,mobile,1.19,Comedy,0,0.0213
user_481,27,Other,mobile,3.33,Action,0,0.0373
user_482,46,Other,mobile,8.28,SciFi,0,0.0188
user_483,45,Other,mobile,1.84,Comedy,0,0.0364
user_484,59,Other,smart_tv,4.11,Comedy,0,0.021
user_485,49,Male,mobile,3.71,Comedy,0,0.0167
user_486,29,Other,mobile,2.6,SciFi,1,0.0362
user_487,28,Male,smart_tv,3.79,Mystery,0,0.0366
user_488,20,Male,mobile,6.93,Comedy,0,0.0198
user_489,40,Female,tablet,7.91,Action,0,0.0253
user_490,37,Female,smart_tv,8.23,SciFi,0,0.0455
user_491,43,Other,desktop,5.66,Action,0,0.0351
user_492,28,Male,mobile,1.87,SciFi,0,0.028
user_493,60,Male,mobile,7.36,SciFi,0,0.0205
user_494,63,Female,desktop,0.4,Mystery,0,0.02
user_495,50,Female,desktop,1.89,Mystery,0,0.0254
user_496,23,Female,desktop,4.11,Comedy,0,0.0206
user_497,48,Female,smart_tv,0.45,Mystery,0,0.0257
user_498,61,Male,mobile,9.93,Mystery,0,0.0203
user_499,61,Female,mobile,0.55,Drama,0,0.02
user_500,43,Female,mobile,0.62,Mystery,0,0.0289
user_501,55,Female,desktop,9.93,SciFi,0,0.024
user_502,51,Male,smart_tv,1.26,Comedy,0,0.0333
user_503,59,Female,tablet,0.93,Action,0,0.0195
user_504,37,Female,desktop,4.83,SciFi,1,0.0212
user_505,54,Female,smart_tv,2.52,Comedy,0,0.0232
user_506,25,Other,desktop,1.4,Action,0,0.0282
user_507,62,Female,tablet,0.85,Drama,0,0.0255
user_508,42,Male,smart_tv,1.16,SciFi,0,0.0294
user_509,52,Male,smart_tv,2.15,Action,0,0.0305
user_510,37,Male,smart_tv,1.34,Action,0,0.0329
user_511,62,Other,desktop,4.58,Action,0,0.0145
user_512,34,Female,desktop,2.85,Action,0,0.0381
user_513,28,Other,mobile,1.82,Comedy,0,0.0361
user_514,24,Other,smart_tv,7.32,Mystery,0,0.0247
user_515,59,Other,desktop,0.57,Mystery,0,0.0171
user_516,65,Other,desktop,0.58,Action,0,0.0184
user_517,52,Male,mobile,1.32,Drama,0,0.024
user_518,51,Male,tablet,1.09,SciFi,0,0.0158
user_519,40,Male,tablet,0.86,Mystery,0,0.0217
user_520,58,Male,mobile,1.35,Mystery,0,0.0227
user_521,56,Female,mobile,0.91,Drama,0,0.0246
user_522,21,Female,smart_tv,2.72,Action,0,0.0314
user_523,67,Female,desktop,4.26,Drama,0,0.0173
user_524,65,Other,smart_tv,4.11,Mystery,0,0.0267
user_525,33,Other,smart_tv,1.97,Comedy,0,0.0278
user_526,26,Male,smart_tv,2.48,Action,0,0.0358
user_527,64,Male,smart_tv,3.56,Action,0,0.0262
user_528,53,Male,mobile,1.49,Comedy,0,0.0224
user_529,23,Male,smart_tv,2.97,Mystery,0,0.0316
user_530,58,Male,mobile,1.06,SciFi,0,0.0257
user_531,66,Other,mobile,7.35,Action,0,0.0177
user_532,53,Female,mobile,0.06,SciFi,0,0.0155
user_533,50,Female,desktop,1.44,SciFi,0,0.0207
user_534,23,Male,mobile,8.53,Drama,0,0.0192
user_535,33,Female,tablet,0.49,Drama,0,0.0381
user_536,60,Female,mobile,0.43,SciFi,0,0.0215
user_537,39,Other,mobile,3.98,Drama,0,0.0363
user_538,68,Female,tablet,2.8,SciFi,0,0.0162
user_539,28,Male,smart_tv,1.33,Action,0,0.0374
user_540,22,Female,tablet,3.83,Comedy,0,0.0192
user_541,22,Other,desktop,0.57,SciFi,0,0.0258
user_542,24,Other,smart_tv,0.55,Drama,0,0.0305
user_543,37,Male,tablet,0.81,Comedy,1,0.0375
user_544,46,Female,mobile,0.27,Comedy,0,0.0154
user_545,22,Female,desktop,2.18,Action,0,0.0182
user_546,20,Female,desktop,1.65,Comedy,0,0.0174
user_547,39,Female,smart_tv,2.26,Drama,0,0.0291
user_548,44,Male,desktop,2.98,Drama,0,0.0322
user_549,47,Male,desktop,3.04,Drama,0,0.0221
user_550,65,Female,mobile,1.87,Drama,0,0.0212
user_551,18,Other,desktop,1.49,Mystery,0,0.0253
user_552,65,Male,smart_tv,3.7,SciFi,0,0.0291
user_553,45,Male,mobile,1.22,Action,0,0.0308
user_554,27,Male,mobile,2.4,Action,0,0.03
user_555,67,Other,tablet,3.45,Action,0,0.0192
user_556,46,Other,mobile,1.44,Drama,0,0.0211
user_557,58,Female,desktop,3.13,Action,0,0.0238
user_558,69,Other,tablet,0.71,Action,0,0.0142
user_559,51,Other,mobile,1.38,Comedy,0,0.0212
user_560,47,Other,desktop,5.41,Drama,0,0.0199
user_561,63,Other,desktop,1.8,Drama,0,0.0203
user_562,59,Male,mobile,0.58,Drama,0,0.0205
user_563,45,Male,desktop,4.91,Comedy,0,0.0352
user_564,60,Other,tablet,4.48,SciFi,0,0.0204
user_565,32,Female,desktop,1.73,Drama,0,0.0318
user_566,39,Other,mobile,1.58,SciFi,0,0.0248
user_567,20,Female,desktop,2.66,Action,0,0.0251
user_568,46,Male,mobile,0.51,Mystery,0,0.023
user_569,64,Other,smart_tv,4.1,Action,0,0.023
user_570,59,Other,mobile,1.1,Comedy,0,0.0239
user_571,63,Other,tablet,3.86,Comedy,0,0.0185
user_572,33,Male,mobile,0.27,Action,0,0.0224
user_573,56,Female,mobile,4.89,Comedy,0,0.0246
user_574,33,Other,desktop,1.45,Action,0,0.0239
user_575,30,Female,tablet,0.65,Mystery,1,0.024
user_576,19,Male,desktop,3.89,Action,0,0.0181
user_577,49,Female,smart_tv,0.69,Comedy,0,0.0281
user_578,51,Male,desktop,2.34,Drama,0,0.018
user_579,41,Other,mobile,1.34,Action,0,0.0287
user_580,27,Other,desktop,0.47,Comedy,0,0.0269
user_581,18,Female,mobile,1.9,Mystery,0,0.0224
user_582,46,Other,tablet,9.84,Action,0,0.0165
user_583,66,Other,smart_tv,3.71,Mystery,0,0.0303
user_584,60,Male,smart_tv,1.61,Mystery,0,0.028
user_585,33,Male,desktop,3.21,Action,0,0.0294
user_586,58,Other,tablet,1.01,Action,0,0.0204
user_587,36,Female,mobile,5.35,Drama,0,0.0212
user_588,57,Female,smart_tv,0.82,Comedy,0,0.0192
user_589,29,Other,mobile,3.4,SciFi,0,0.0308
user_590,35,Female,mobile,4.07,SciFi,0,0.0389
user_591,46,Other,smart_tv,0.18,Drama,0,0.0292
user_592,69,Other,desktop,1.08,Drama,0,0.0186
user_593,66,Male,tablet,2.5,Comedy,0,0.0233
user_594,42,Male,desktop,1.99,Mystery,0,0.0273
user_595,69,Male,smart_tv,2.78,SciFi,0,0.0298
user_596,26,Other,tablet,1.24,Comedy,0,0.0373
user_597,20,Male,tablet,3.72,Comedy,0,0.0209
user_598,59,Female,mobile,3.15,Drama,0,0.0162
user_599,19,Female,desktop,5.96,SciFi,0,0.0229
user_600,43,Female,desktop,1.21,Comedy,0,0.0291
user_601,66,Female,desktop,1.9,Drama,0,0.0253
user_602,18,Female,mobile,4.37,Mystery,0,0.0223
user_603,53,Other,desktop,0.16,Mystery,0,0.0238
user_604,40,Other,desktop,3.86,Comedy,0,0.0336
user_605,45,Male,mobile,0.75,Mystery,0,0.0368
user_606,22,Female,desktop,3.83,Action,0,0.0248
user_607,57,Other,mobile,1.43,Mystery,0,0.0239
user_608,28,Male,desktop,3.07,Drama,0,0.039
user_609,48,Other,tablet,2.8,Drama,0,0.026
user_610,32,Male,mobile,0.35,SciFi,0,0.0371
user_611,28,Female,smart_tv,0.21,Mystery,1,0.0327
user_612,31,Female,mobile,3.59,Drama,0,0.0211
user_613,22,Male,mobile,2.21,Action,0,0.0148
user_614,36,Other,desktop,3.07,Drama,0,0.0314
user_615,40,Other,desktop,1.16,SciFi,0,0.0305
user_616,68,Male,tablet,1.7,Action,0,0.0195
user_617,31,Other,tablet,1.52,Comedy,0,0.0275
user_618,40,Other,mobile,2.5,Action,0,0.0326
user_619,27,Female,smart_tv,3.44,SciFi,0,0.037
user_620,39,Female,desktop,2.75,Mystery,0,0.0381
user_621,67,Male,smart_tv,0.47,SciFi,0,0.0253
user_622,55,Other,tablet,1.68,Mystery,0,0.0158
user_623,55,Female,tablet,0.2,Drama,0,0.0211
user_624,39,Male,tablet,0.66,Action,0,0.0319
user_625,33,Female,desktop,2.27,Mystery,0,0.0386
user_626,44,Male,smart_tv,0.84,Action,1,0.0506
user_627,59,Male,smart_tv,2.31,Action,0,0.0255
user_628,47,Female,tablet,1.07,Mystery,0,0.0257
user_629,59,Female,mobile,0.22,Drama,0,0.0235
user_630,51,Other,tablet,0.14,Comedy,0,0.0149
user_631,37,Other,mobile,3.56,SciFi,0,0.026
user_632,63,Male,desktop,0.05,Comedy,0,0.0171
user_633,30,Male,desktop,4.14,Comedy,0,0.0272
user_634,40,Female,desktop,4.42,Drama,0,0.0311
user_635,22,Female,desktop,1.76,Drama,0,0.014
user_636,40,Male,mobile,1.54,Comedy,0,0.0358
user_637,51,Male,desktop,3.23,Comedy,0,0.022
user_638,32,Female,smart_tv,0.12,Mystery,0,0.0505
user_639,37,Female,smart_tv,1.85,Mystery,0,0.0447
user_640,61,Female,smart_tv,2.68,Action,0,0.0316
user_641,56,Other,mobile,1.8,Mystery,0,0.0247
user_642,23,Other,mobile,2.16,Comedy,0,0.0244
user_643,56,Male,mobile,2.71,SciFi,0,0.016
user_644,20,Male,desktop,4.37,Mystery,0,0.0209
user_645,23,Female,tablet,4.0,Drama,0,0.0247
user_646,48,Male,smart_tv,1.03,SciFi,0,0.0287
user_647,38,Female,tablet,0.72,SciFi,0,0.021
user_648,67,Male,tablet,1.18,Action,0,0.0158
user_649,32,Male,mobile,0.87,Comedy,0,0.0381
user_650,25,Other,desktop,3.85,Mystery,0,0.0294
user_651,42,Male,tablet,2.39,Comedy,0,0.0302
user_652,30,Female,mobile,3.08,Comedy,0,0.0241
user_653,38,Other,mobile,1.79,SciFi,0,0.0331
user_654,61,Other,mobile,0.13,SciFi,0,0.0173
user_655,26,Female,smart_tv,0.44,Drama,0,0.0449
user_656,49,Other,tablet,3.22,Action,0,0.0213
user_657,29,Male,smart_tv,4.04,Drama,0,0.0449
user_658,34,Male,tablet,2.03,Mystery,0,0.0312
user_659,23,Female,desktop,0.96,Mystery,0,0.0239
user_660,58,Male,smart_tv,1.36,Action,0,0.0234
user_661,57,Other,smart_tv,0.77,Action,0,0.0284
user_662,45,Female,desktop,7.35,Drama,0,0.0301
user_663,66,Other,tablet,8.27,SciFi,0,0.0221
user_664,53,Other,tablet,11.54,Comedy,0,0.0173
user_665,45,Male,desktop,1.05,Action,0,0.0378
user_666,33,Female,tablet,0.55,Drama,0,0.0227
user_667,29,Other,tablet,1.04,Mystery,0,0.029
user_668,41,Female,desktop,2.71,Comedy,0,0.0327
user_669,36,Other,tablet,4.25,Comedy,0,0.0379
user_670,52,Male,mobile,0.72,Comedy,0,0.0243
user_671,29,Other,tablet,0.94,Action,0,0.0289
user_672,20,Female,mobile,1.41,Action,0,0.0239
user_673,50,Female,mobile,1.7,Comedy,0,0.0156
user_674,42,Male,tablet,0.31,Mystery,0,0.0274
user_675,61,Other,smart_tv,2.69,Comedy,0,0.0199
user_676,57,Other,tablet,5.72,Comedy,0,0.0207
user_677,25,Other,smart_tv,4.04,Mystery,0,0.0296
user_678,54,Other,mobile,2.2,Mystery,0,0.0148
user_679,18,Other,desktop,4.98,SciFi,0,0.0152
user_680,25,Other,tablet,6.96,SciFi,0,0.0387
user_681,48,Female,mobile,0.69,Comedy,0,0.0146
user_682,29,Male,smart_tv,0.62,Mystery,0,0.0417
user_683,59,Female,desktop,4.34,Action,0,0.0149
user_684,33,Female,smart_tv,0.13,Comedy,0,0.031
user_685,65,Female,mobile,4.6,Mystery,0,0.0209
user_686,30,Male,smart_tv,0.9,Drama,0,0.0277
user_687,66,Other,mobile,2.3,Mystery,0,0.0177
user_688,67,Female,tablet,2.06,Mystery,0,0.0167
user_689,32,Other,smart_tv,6.97,SciFi,0,0.0435
user_690,37,Other,tablet,7.04,SciFi,0,0.0357
user_691,34,Other,smart_tv,8.19,Drama,0,0.0356
user_692,31,Male,tablet,0.61,SciFi,1,0.031
user_693,33,Female,tablet,1.36,SciFi,0,0.0303
user_694,20,Female,tablet,1.75,Drama,0,0.0171
user_695,19,Other,tablet,1.56,Comedy,0,0.0178
user_696,47,Female,desktop,1.89,Mystery,0,0.0234
user_697,51,Other,desktop,0.4,Mystery,0,0.0141
user_698,63,Male,smart_tv,1.74,Comedy,0,0.0314
user_699,49,Male,mobile,5.8,Drama,0,0.0207
user_700,60,Male,tablet,8.43,SciFi,0,0.0168
user_701,49,Female,tablet,4.09,Action,0,0.0188
user_702,28,Male,smart_tv,3.79,Action,0,0.0414
user_703,50,Female,mobile,0.91,Action,0,0.0162
user_704,64,Male,smart_tv,1.72,Action,0,0.0207
user_705,65,Other,mobile,3.99,Comedy,0,0.015
user_706,58,Male,desktop,0.43,Comedy,0,0.0149
user_707,38,Male,desktop,9.19,Action,0,0.0252
user_708,29,Male,desktop,6.54,Drama,0,0.0217
user_709,35,Other,mobile,3.28,Action,0,0.0352
user_710,65,Female,tablet,1.13,SciFi,0,0.0257
user_711,44,Other,smart_tv,0.79,SciFi,0,0.0373
user_712,34,Other,mobile,0.96,SciFi,0,0.0357
user_713,33,Female,mobile,2.46,Mystery,0,0.0225
user_714,27,Other,mobile,5.11,Mystery,0,0.029
user_715,53,Other,desktop,2.01,Mystery,0,0.0209
user_716,44,Other,tablet,1.98,Action,0,0.0258
user_717,39,Female,mobile,4.39,Mystery,0,0.0271
user_718,60,Female,desktop,0.75,SciFi,0,0.0247
user_719,56,Other,smart_tv,2.61,SciFi,0,0.0287
user_720,26,Female,desktop,0.12,Drama,0,0.0275
user_721,46,Female,mobile,12.26,Comedy,0,0.0201
user_722,59,Female,smart_tv,2.69,Action,0,0.0261
user_723,48,Male,tablet,2.41,SciFi,0,0.0194
user_724,41,Male,tablet,4.75,Mystery,0,0.0287
user_725,28,Other,mobile,3.78,Comedy,0,0.0304
user_726,34,Male,smart_tv,12.06,Action,0,0.0426
user_727,24,Female,desktop,5.02,SciFi,0,0.0147
user_728,67,Other,smart_tv,4.69,SciFi,0,0.0206
user_729,19,Male,tablet,0.01,SciFi,0,0.0173
user_730,27,Female,tablet,0.98,Action,0,0.0327
user_731,33,Male,desktop,0.33,Comedy,0,0.0218
user_732,51,Female,mobile,6.61,Action,1,0.0196
user_733,49,Male,desktop,4.61,SciFi,0,0.0233
user_734,53,Female,smart_tv,2.51,Action,0,0.0333
user_735,29,Male,tablet,0.45,Mystery,0,0.0222
user_736,35,Female,desktop,6.23,SciFi,0,0.0237
user_737,62,Female,desktop,3.84,Mystery,0,0.0248
user_738,50,Male,tablet,2.38,Drama,0,0.017
user_739,33,Other,mobile,2.71,Drama,1,0.0317
user_740,23,Male,mobile,4.54,Mystery,0,0.0181
user_741,61,Male,mobile,1.54,SciFi,0,0.0218
user_742,69,Other,tablet,0.85,Drama,0,0.014
user_743,34,Other,desktop,0.03,Mystery,0,0.0382
user_744,26,Male,desktop,4.18,Comedy,0,0.0319
user_745,42,Other,mobile,0.95,Drama,0,0.0359
user_746,28,Male,desktop,5.17,Drama,0,0.037
user_747,64,Male,mobile,1.68,SciFi,0,0.0222
user_748,68,Male,smart_tv,3.35,Mystery,0,0.0272
user_749,62,Male,smart_tv,5.16,Drama,0,0.0296
user_750,30,Male,tablet,3.65,SciFi,0,0.029
user_751,39,Other,smart_tv,0.64,Comedy,0,0.0396
user_752,40,Other,mobile,1.95,SciFi,0,0.0327
user_753,68,Other,smart_tv,0.17,Drama,0,0.0281
user_754,55,Female,smart_tv,0.79,SciFi,0,0.023
user_755,18,Other,tablet,1.97,SciFi,0,0.0228
user_756,28,Other,mobile,14.18,SciFi,0,0.0336
user_757,60,Other,mobile,1.89,Mystery,0,0.0178
user_758,42,Male,desktop,0.9,SciFi,0,0.0332
user_759,66,Other,desktop,0.92,SciFi,0,0.0252
user_760,40,Female,tablet,2.17,Action,0,0.0278
user_761,36,Male,tablet,0.45,Drama,0,0.0328
user_762,33,Female,desktop,7.08,Mystery,0,0.0231
user_763,68,Female,desktop,2.38,Mystery,0,0.0193
user_764,55,Other,mobile,7.05,Action,0,0.0255
user_765,27,Male,smart_tv,1.86,Comedy,0,0.0367
user_766,18,Male,tablet,0.44,Action,0,0.0214
user_767,21,Male,smart_tv,2.26,Action,0,0.0197
user_768,41,Other,tablet,1.94,Drama,0,0.0332
user_769,35,Male,tablet,2.04,Drama,0,0.0288
user_770,34,Other,tablet,0.96,Action,0,0.0359
user_771,28,Female,tablet,6.19,SciFi,0,0.0351
user_772,24,Male,mobile,0.98,Comedy,0,0.0257
user_773,23,Female,smart_tv,1.82,Mystery,0,0.0184
user_774,27,Male,tablet,7.52,Drama,0,0.0272
user_775,29,Other,mobile,0.82,Mystery,0,0.0289
user_776,61,Female,desktop,2.29,Drama,0,0.0195
user_777,50,Other,smart_tv,4.29,SciFi,0,0.0213
user_778,51,Male,tablet,2.02,SciFi,0,0.0252
user_779,38,Other,smart_tv,7.92,SciFi,1,0.037
user_780,66,Male,desktop,0.51,Mystery,0,0.0213
user_781,49,Other,desktop,1.96,Comedy,0,0.015
user_782,64,Other,smart_tv,3.39,Mystery,0,0.0242
user_783,64,Female,mobile,7.61,Drama,0,0.0186
user_784,37,Other,tablet,0.02,Drama,0,0.0223
user_785,30,Other,tablet,0.56,Mystery,0,0.023
user_786,24,Female,desktop,0.51,Action,0,0.0217
user_787,60,Female,tablet,0.88,Action,0,0.0252
user_788,43,Female,tablet,2.85,SciFi,0,0.0274
user_789,64,Male,smart_tv,0.12,Mystery,0,0.0196
user_790,45,Other,tablet,1.32,Action,1,0.0285
user_791,50,Female,mobile,0.26,Drama,0,0.0256
user_792,41,Other,desktop,1.69,Mystery,0,0.0227
user_793,64,Female,desktop,2.21,Mystery,0,0.0197
user_794,64,Male,desktop,2.47,Drama,0,0.0241
user_795,43,Female,desktop,4.44,SciFi,0,0.0298
user_796,60,Other,desktop,0.5,Drama,0,0.018
user_797,45,Other,mobile,4.47,Drama,0,0.0222
user_798,54,Female,smart_tv,0.38,Drama,0,0.0254
user_799,40,Female,desktop,0.36,Drama,0,0.0281
user_800,61,Other,smart_tv,2.12,Comedy,0,0.0323
user_801,18,Female,smart_tv,0.9,Drama,0,0.0291
user_802,30,Other,desktop,2.14,Action,0,0.0328
user_803,44,Male,tablet,0.59,Drama,0,0.0359
user_804,24,Female,tablet,2.07,Drama,0,0.0223
user_805,48,Male,desktop,1.8,Mystery,0,0.0199
user_806,54,Female,mobile,0.16,SciFi,0,0.0202
user_807,67,Male,desktop,5.97,Mystery,0,0.0228
user_808,31,Female,tablet,0.34,Mystery,0,0.0295
user_809,35,Male,tablet,1.31,Mystery,0,0.0256
user_810,42,Male,mobile,4.95,Drama,0,0.0316
user_811,46,Other,smart_tv,1.4,Drama,0,0.0222
user_812,50,Female,tablet,0.55,Comedy,0,0.0177
user_813,23,Male,desktop,0.17,Action,0,0.015
user_814,59,Female,desktop,3.14,Comedy,0,0.0174
user_815,26,Other,smart_tv,1.23,Action,0,0.0345
user_816,34,Other,smart_tv,2.04,Mystery,0,0.038
user_817,35,Other,desktop,4.23,SciFi,0,0.0389
user_818,48,Male,tablet,2.54,Action,1,0.0157
user_819,54,Male,desktop,4.9,Mystery,0,0.0221
user_820,26,Other,desktop,2.85,SciFi,0,0.0248
user_821,56,Male,smart_tv,1.22,Comedy,0,0.0304
user_822,42,Other,desktop,1.0,Action,0,0.0243
user_823,56,Female,smart_tv,1.76,Comedy,0,0.0205
user_824,37,Male,smart_tv,1.27,SciFi,0,0.0336
user_825,33,Male,tablet,3.96,SciFi,0,0.0371
user_826,66,Other,desktop,2.57,Drama,0,0.0235
user_827,57,Other,tablet,0.22,SciFi,0,0.0198
user_828,62,Male,smart_tv,4.87,Comedy,0,0.0225
user_829,35,Other,desktop,2.87,Action,0,0.022
user_830,28,Female,smart_tv,0.32,Comedy,0,0.0288
user_831,31,Other,desktop,0.22,Drama,0,0.0356
user_832,49,Female,smart_tv,4.06,Mystery,0,0.0292
user_833,21,Other,smart_tv,2.54,Mystery,0,0.019
user_834,44,Female,smart_tv,1.21,Action,0,0.0465
user_835,50,Female,smart_tv,3.19,Action,0,0.023
user_836,65,Male,tablet,4.42,SciFi,0,0.0252
user_837,31,Other,tablet,2.99,Action,0,0.0265
user_838,35,Female,desktop,5.44,Drama,0,0.0332
user_839,25,Other,smart_tv,2.48,Mystery,0,0.0343
user_840,49,Male,tablet,13.49,SciFi,0,0.0205
user_841,32,Female,mobile,0.47,Comedy,0,0.0289
user_842,48,Male,mobile,0.37,Drama,0,0.017
user_843,31,Male,tablet,1.89,SciFi,0,0.0286
user_844,52,Male,tablet,4.8,Action,0,0.0156
user_845,19,Male,smart_tv,0.97,Action,0,0.0337
user_846,37,Other,mobile,2.11,Action,0,0.0285
user_847,26,Other,tablet,1.8,Comedy,0,0.024
user_848,63,Male,desktop,3.21,Action,0,0.0225
user_849,35,Other,smart_tv,3.41,Action,0,0.0441
user_850,53,Female,desktop,0.66,Comedy,0,0.0163
user_851,30,Female,desktop,1.04,Mystery,0,0.0334
user_852,34,Other,desktop,5.03,Drama,0,0.0216
user_853,21,Other,smart_tv,1.65,Comedy,0,0.027
user_854,18,Female,mobile,4.87,Drama,0,0.0172
user_855,26,Other,smart_tv,1.29,Drama,1,0.0302
user_856,37,Other,desktop,12.04,Action,0,0.0235
user_857,24,Other,desktop,2.03,SciFi,0,0.019
user_858,39,Other,tablet,4.12,Drama,0,0.0269
user_859,48,Female,tablet,3.09,Comedy,0,0.0176
user_860,42,Other,desktop,6.19,Drama,0,0.0324
user_861,61,Female,smart_tv,3.58,Action,0,0.031
user_862,54,Male,smart_tv,1.62,Mystery,0,0.0316
user_863,57,Female,tablet,0.31,SciFi,0,0.0252
user_864,40,Other,tablet,2.33,SciFi,0,0.0262
user_865,21,Female,desktop,1.47,Drama,0,0.0224
user_866,34,Male,tablet,3.98,Action,0,0.0326
user_867,23,Other,desktop,0.62,Action,0,0.0145
user_868,24,Other,tablet,8.73,Action,0,0.0145
user_869,44,Male,mobile,0.38,Comedy,0,0.023
user_870,33,Female,mobile,1.05,Drama,0,0.0245
user_871,58,Male,smart_tv,3.42,Comedy,0,0.028
user_872,24,Male,mobile,2.06,SciFi,0,0.0216
user_873,24,Female,desktop,2.92,Mystery,0,0.0186
user_874,27,Other,smart_tv,2.68,Drama,0,0.0423
user_875,58,Other,desktop,4.34,Action,0,0.0163
user_876,19,Other,tablet,1.82,Mystery,0,0.0181
user_877,39,Other,desktop,0.95,Comedy,0,0.0341
user_878,55,Male,mobile,1.97,Action,0,0.0151
user_879,19,Male,tablet,0.33,Action,0,0.0181
user_880,67,Female,tablet,3.14,Mystery,0,0.0206
user_881,41,Female,mobile,5.23,Comedy,0,0.024
user_882,35,Male,mobile,5.52,Mystery,0,0.0271
user_883,37,Other,smart_tv,0.14,Mystery,0,0.0333
user_884,54,Other,smart_tv,0.23,Comedy,0,0.0248
user_885,45,Male,desktop,4.42,Drama,0,0.0273
user_886,34,Male,tablet,4.18,Drama,0,0.0288
user_887,52,Male,desktop,2.44,SciFi,0,0.0237
user_888,18,Male,mobile,1.28,Comedy,0,0.021
user_889,23,Other,mobile,0.62,Comedy,0,0.0164
user_890,43,Male,mobile,1.2,Drama,0,0.0384
user_891,28,Female,desktop,4.09,Action,0,0.0372
user_892,30,Female,tablet,2.85,SciFi,0,0.0232
user_893,53,Female,desktop,9.46,Mystery,0,0.022
user_894,19,Other,desktop,2.29,SciFi,0,0.0224
user_895,31,Other,desktop,6.9,Mystery,0,0.0372
user_896,29,Other,desktop,2.27,Drama,0,0.0245
user_897,36,Female,tablet,5.09,Drama,0,0.0225
user_898,22,Other,smart_tv,1.41,Comedy,0,0.0297
user_899,26,Other,smart_tv,0.55,Action,0,0.0394
user_900,28,Female,tablet,6.6,Mystery,0,0.0288
user_901,31,Female,tablet,0.54,Comedy,0,0.022
user_902,34,Other,desktop,4.17,Action,0,0.0312
user_903,30,Female,desktop,3.11,Action,0,0.0385
user_904,19,Male,desktop,2.24,Mystery,0,0.022
user_905,29,Male,desktop,1.88,Drama,0,0.0235
user_906,38,Male,desktop,1.43,Comedy,0,0.026
user_907,67,Female,smart_tv,5.6,Action,0,0.0233
user_908,61,Female,tablet,4.78,Comedy,0,0.0146
user_909,55,Other,desktop,2.79,Mystery,0,0.0202
user_910,56,Male,smart_tv,3.82,SciFi,0,0.0199
user_911,65,Female,smart_tv,0.74,Action,0,0.0302
user_912,43,Male,smart_tv,3.92,Action,0,0.0285
user_913,46,Other,tablet,1.98,Action,0,0.0241
user_914,50,Male,desktop,2.4,Drama,0,0.0209
user_915,63,Female,tablet,2.4,SciFi,0,0.0168
user_916,66,Other,desktop,8.77,SciFi,0,0.0202
user_917,42,Female,smart_tv,2.89,Drama,0,0.032
user_918,33,Male,tablet,6.46,Mystery,0,0.023
user_919,65,Male,desktop,1.98,Mystery,0,0.0178
user_920,57,Other,desktop,1.81,SciFi,0,0.0249
user_921,35,Male,mobile,2.31,Comedy,0,0.0212
user_922,43,Other,tablet,3.43,Action,0,0.0283
user_923,22,Other,desktop,3.18,Action,0,0.0156
user_924,59,Other,smart_tv,3.57,Drama,0,0.0229
user_925,38,Female,mobile,0.59,SciFi,0,0.0321
user_926,46,Male,tablet,0.73,Action,0,0.0258
user_927,40,Other,tablet,1.05,SciFi,0,0.0361
user_928,59,Male,tablet,1.48,Mystery,0,0.0176
user_929,26,Male,desktop,2.52,SciFi,0,0.0359
user_930,63,Female,mobile,1.47,Mystery,0,0.0221
user_931,59,Female,tablet,2.48,Action,0,0.0232
user_932,27,Other,mobile,0.67,Mystery,0,0.0282
user_933,27,Female,tablet,6.27,SciFi,0,0.0386
user_934,53,Male,smart_tv,2.56,Mystery,0,0.021
user_935,51,Male,desktop,1.25,Action,0,0.0156
user_936,45,Female,tablet,0.15,Mystery,0,0.0262
user_937,49,Female,mobile,1.28,Drama,0,0.0244
user_938,56,Female,mobile,1.03,SciFi,0,0.0224
user_939,24,Other,desktop,6.79,Drama,0,0.0202
user_940,66,Female,tablet,1.92,Mystery,0,0.0244
user_941,47,Female,tablet,3.54,Action,0,0.015
user_942,66,Other,mobile,1.35,SciFi,0,0.0164
user_943,37,Other,smart_tv,8.93,Mystery,0,0.0367
user_944,54,Male,smart_tv,0.91,Comedy,0,0.0209
user_945,37,Other,mobile,0.56,Action,0,0.024
user_946,51,Female,mobile,0.02,Comedy,0,0.018
user_947,27,Female,desktop,1.08,Drama,0,0.0304
user_948,66,Other,desktop,0.51,Mystery,0,0.015
user_949,48,Male,tablet,1.4,Drama,1,0.0234
user_950,31,Male,desktop,1.42,Action,0,0.0388
user_951,48,Female,mobile,5.61,Comedy,0,0.0198
user_952,33,Female,smart_tv,0.13,Action,0,0.0497
user_953,35,Other,desktop,7.6,Drama,0,0.0283
user_954,20,Female,mobile,1.25,Drama,0,0.0228
user_955,62,Other,tablet,0.95,Mystery,0,0.0244
user_956,65,Other,desktop,1.02,Mystery,0,0.0182
user_957,19,Other,smart_tv,2.85,Comedy,0,0.0332
user_958,34,Other,smart_tv,1.91,SciFi,0,0.0448
user_959,35,Male,desktop,1.93,Action,0,0.0369
user_960,21,Female,mobile,4.8,SciFi,0,0.0241
user_961,21,Other,tablet,2.97,Comedy,0,0.0151
user_962,35,Male,desktop,3.7,Drama,0,0.0212
user_963,49,Male,smart_tv,0.08,SciFi,0,0.0306
user_964,36,Male,tablet,3.06,Mystery,0,0.025
user_965,64,Other,smart_tv,0.51,SciFi,0,0.0262
user_966,49,Other,tablet,4.98,Action,0,0.0208
user_967,48,Female,desktop,1.16,Comedy,0,0.0156
user_968,26,Other,mobile,0.7,Drama,0,0.0382
user_969,45,Female,tablet,4.54,Action,0,0.037
user_970,31,Female,smart_tv,0.8,SciFi,0,0.0327
user_971,32,Male,mobile,3.44,SciFi,0,0.0381
user_972,59,Female,tablet,9.21,Comedy,0,0.0234
user_973,61,Female,mobile,0.69,Action,0,0.0226
user_974,56,Other,desktop,0.17,Mystery,0,0.0229
user_975,61,Other,desktop,4.22,Mystery,0,0.0195
user_976,39,Female,desktop,0.32,Mystery,0,0.0246
user_977,24,Male,tablet,5.25,Comedy,0,0.0175
user_978,23,Other,mobile,3.2,Action,0,0.0166
user_979,41,Female,tablet,5.13,Drama,0,0.0354
user_980,57,Female,smart_tv,0.78,SciFi,0,0.0249
user_981,63,Female,mobile,1.11,Action,0,0.0162
user_982,34,Male,desktop,0.02,SciFi,0,0.0251
user_983,43,Female,smart_tv,0.37,Drama,0,0.0342
user_984,41,Male,tablet,4.77,Mystery,0,0.0251
user_985,29,Male,tablet,1.53,Action,0,0.0345
user_986,62,Other,smart_tv,0.76,Comedy,0,0.0272
user_987,27,Female,tablet,1.83,Drama,0,0.0291
user_988,23,Male,smart_tv,1.75,Action,0,0.019
user_989,29,Other,smart_tv,6.57,Drama,0,0.0311
user_990,63,Female,desktop,4.13,SciFi,0,0.0154
user_991,46,Male,mobile,2.6,Comedy,0,0.0203
user_992,55,Female,mobile,5.03,Drama,0,0.0175
user_993,59,Other,tablet,17.4,Action,0,0.0152
user_994,51,Female,desktop,2.75,Drama,0,0.0249
user_995,56,Male,tablet,2.46,Drama,0,0.0178
user_996,43,Other,desktop,5.74,Drama,0,0.0279
user_997,51,Male,smart_tv,1.51,Drama,0,0.0297
user_998,68,Other,tablet,1.56,Mystery,1,0.0252
user_999,28,Other,mobile,4.53,Comedy,0,0.0222
